Reporter Name,Partner Name,Year,Trade Flow,Product Group,Export (US$ Thousand),Import (US$ Thousand),Export Product Share (%),Import Product Share (%),Revealed comparative advantage,World Growth (%),Country Growth (%),AHS Simple Average (%),AHS Weighted Average (%),AHS Total Tariff Lines,AHS Dutiable Tariff Lines Share (%),AHS Duty Free Tariff Lines Share (%),AHS Specific Tariff Lines Share (%),AHS AVE Tariff Lines Share (%),AHS MaxRate (%),AHS MinRate (%),AHS SpecificDuty Imports (US$ Thousand),AHS Dutiable Imports (US$ Thousand),AHS Duty Free Imports (US$ Thousand),MFN Simple Average (%),MFN Weighted Average (%),MFN Total Tariff Lines,MFN Dutiable Tariff Lines Share (%),MFN Duty Free Tariff Lines Share (%),MFN Specific Tariff Lines Share (%),MFN AVE Tariff Lines Share (%),MFN MaxRate (%),MFN MinRate (%),MFN SpecificDuty Imports (US$ Thousand),MFN Dutiable Imports (US$ Thousand),MFN Duty Free Imports (US$ Thousand)
Kenya,United Arab Emirates,2010,EXPIMP,Animal,5861.37,284.77,2.46,0.02,3.46,5.63,16.31,29.83,34.07,31,100,0,0,0,60,25,0,284.77,0,29.83,34.07,31,100,0,0,0,60,25,0,284.77,0
Kenya,Australia,2010,EXPIMP,Animal,1863.09,133.83,23.22,0.33,24.32,10.62,16.62,25,25,3,100,0,0,0,25,25,0,133.83,0,25,25,3,100,0,0,0,25,25,0,133.83,0
Kenya,Belgium,2010,EXPIMP,Animal,954.65,0.57,1.82,0,0.69,-3.82,-20.9,33.75,40.88,5,100,0,0,0,60,25,0,0.57,0,33.75,40.88,5,100,0,0,0,60,25,0,0.57,0
Kenya,Brazil,2010,EXPIMP,Animal,0.13,459,0.04,0.76,,,,25,25,1,100,0,0,0,25,25,0,459,0,25,25,1,100,0,0,0,25,25,0,459,0
Kenya,Canada,2010,EXPIMP,Animal,35.26,132.92,0.24,0.15,0.19,5.95,121.42,0,0,1,0,100,0,0,0,0,0,0,132.92,0,0,1,0,100,0,0,0,0,0,0,132.92
Kenya,Switzerland,2010,EXPIMP,Animal,153.17,542.91,0.71,0.38,0.01,3.28,-74.42,60,60,1,100,0,0,0,60,60,0,542.91,0,60,60,1,100,0,0,0,60,60,0,542.91,0
Kenya,China,2010,EXPIMP,Animal,1837.49,515.57,5.8,0.03,8.23,17.08,18.55,27.5,25.01,15,100,0,0,0,60,25,0,515.57,0,27.5,25.01,15,100,0,0,0,60,25,0,515.57,0
Kenya,Germany,2010,EXPIMP,Animal,1299.75,285.83,1.34,0.09,1.13,1.55,11.34,24.64,25.47,9,77.78,22.22,0,0,60,0,0,273.05,12.79,24.64,25.47,9,77.78,22.22,0,0,60,0,0,273.05,12.79
Kenya,Denmark,2010,EXPIMP,Animal,252.06,249.79,11.04,0.43,0.68,5.41,-30.05,48.33,57.29,5,100,0,0,0,60,25,0,249.79,0,48.33,57.29,5,100,0,0,0,60,25,0,249.79,0
Kenya,"Egypt, Arab Rep.",2010,EXPIMP,Animal,752.99,135.78,0.33,0.06,0.06,,,0,0,3,0,100,0,0,0,0,0,0,135.79,25,25,3,100,0,0,0,25,25,0,135.79,0
Kenya,Spain,2010,EXPIMP,Animal,3774.94,50.88,14.71,0.12,3.98,3.4,63.69,36.67,25.01,4,100,0,0,0,60,25,0,50.88,0,36.67,25.01,4,100,0,0,0,60,25,0,50.88,0
Kenya,France,2010,EXPIMP,Animal,133.31,222.65,0.2,0.09,0.38,2.4,-48.89,31.39,37.61,23,91.3,8.7,0,0,60,0,0,222.65,0,31.39,37.61,23,91.3,8.7,0,0,60,0,0,222.65,0
Kenya,United Kingdom,2010,EXPIMP,Animal,122.4,433.17,0.02,0.07,0.03,7.4,-3.15,27.85,28.9,45,88.89,11.11,0,0,60,0,0,424.69,8.48,27.85,28.9,45,88.89,11.11,0,0,60,0,0,424.69,8.48
Kenya,Ghana,2010,EXPIMP,Animal,46.57,0.33,0.55,0.03,0.1,18.44,126.17,25,25,2,100,0,0,0,25,25,0,0.32,0,25,25,2,100,0,0,0,25,25,0,0.32,0
Kenya,"Hong Kong, China",2010,EXPIMP,Animal,4135.52,11.07,14.77,0.02,16.73,7.57,11.17,25,25,1,100,0,0,0,25,25,0,11.07,0,25,25,1,100,0,0,0,25,25,0,11.07,0
Kenya,Hungary,2010,EXPIMP,Animal,0.36,19.97,0.05,0.12,8.04,,,42.5,57.6,3,100,0,0,0,60,25,0,19.97,0,42.5,57.6,3,100,0,0,0,60,25,0,19.97,0
Kenya,India,2010,EXPIMP,Animal,148.07,324.71,0.14,0.02,0.68,45.12,111.44,31.36,31.14,13,100,0,0,0,60,25,0,324.71,0,31.36,31.14,13,100,0,0,0,60,25,0,324.71,0
Kenya,Ireland,2010,EXPIMP,Animal,0,230.11,,0.29,0,-29.28,-88.27,42.5,47.54,3,100,0,0,0,60,25,0,230.11,0,42.5,47.54,3,100,0,0,0,60,25,0,230.11,0
Kenya,"Iran, Islamic Rep.",2010,EXPIMP,Animal,1.39,1.73,0.01,0,0.08,,,25,25,1,100,0,0,0,25,25,0,1.73,0,25,25,1,100,0,0,0,25,25,0,1.73,0
Kenya,Israel,2010,EXPIMP,Animal,18030.28,15.72,92.39,0.03,68.72,19.98,-9.64,25,25,4,100,0,0,0,25,25,0,15.72,0,25,25,4,100,0,0,0,25,25,0,15.72,0
Kenya,Italy,2010,EXPIMP,Animal,2554.49,374.94,6.23,0.25,1.65,2.17,14.48,26.84,25.02,19,100,0,0,0,60,25,0,374.94,0,26.84,25.02,19,100,0,0,0,60,25,0,374.94,0
Kenya,Jordan,2010,EXPIMP,Animal,4.15,20.32,0.2,0.21,0.09,6.35,3.42,60,60,2,100,0,0,0,60,60,0,20.32,0,60,60,2,100,0,0,0,60,60,0,20.32,0
Kenya,Japan,2010,EXPIMP,Animal,128.6,306.16,0.49,0.04,1.25,6.34,4.39,25,25,9,100,0,0,0,25,25,0,306.16,0,25,25,9,100,0,0,0,25,25,0,306.16,0
Kenya,"Korea, Rep.",2010,EXPIMP,Animal,13.56,379.23,0.61,0.15,1.02,10.69,24.39,25,25,5,100,0,0,0,25,25,0,379.23,0,25,25,5,100,0,0,0,25,25,0,379.23,0
Kenya,Kuwait,2010,EXPIMP,Animal,502.54,0.01,8.51,0,6.61,,,60,60,2,100,0,0,0,60,60,0,0.01,0,60,60,2,100,0,0,0,60,60,0,0.01,0
Kenya,Sri Lanka,2010,EXPIMP,Animal,1.04,1,0.01,0.01,0.02,17.15,-34.53,25,25,1,100,0,0,0,25,25,0,1,0,25,25,1,100,0,0,0,25,25,0,1,0
Kenya,Malaysia,2010,EXPIMP,Animal,111,8.1,1.81,0.01,2.9,12.68,-7.49,25,25,3,100,0,0,0,25,25,0,8.1,0,25,25,3,100,0,0,0,25,25,0,8.1,0
Kenya,Nigeria,2010,EXPIMP,Animal,28.34,1.92,0.14,0.12,,,,25,25,1,100,0,0,0,25,25,0,1.92,0,25,25,1,100,0,0,0,25,25,0,1.92,0
Kenya,Netherlands,2010,EXPIMP,Animal,7415.22,1149.7,2.19,0.49,1.16,2.58,2.65,31.55,25.57,25,92,8,0,0,60,0,0,1089.99,59.71,31.55,25.57,25,92,8,0,0,60,0,0,1089.99,59.71
Kenya,Norway,2010,EXPIMP,Animal,0.93,173.43,0.01,0.6,0.02,0.05,129.68,25,25,3,100,0,0,0,25,25,0,173.43,0,25,25,3,100,0,0,0,25,25,0,173.43,0
Kenya,New Zealand,2010,EXPIMP,Animal,0,2866.09,,33.77,,,,32,52.44,5,100,0,0,0,60,25,0,2866.09,0,32,52.44,5,100,0,0,0,60,25,0,2866.09,0
Kenya,Oman,2010,EXPIMP,Animal,691.28,150.41,4.47,0.79,4.05,2.46,75.99,25,25,2,100,0,0,0,25,25,0,150.41,0,25,25,2,100,0,0,0,25,25,0,150.41,0
Kenya,Pakistan,2010,EXPIMP,Animal,26.78,39.6,0.01,0.04,0,23.74,-19.4,42.5,25.01,3,100,0,0,0,60,25,0,39.6,0,42.5,25.01,3,100,0,0,0,60,25,0,39.6,0
Kenya,Saudi Arabia,2010,EXPIMP,Animal,19.11,4.67,0.08,0,,,,25,25,2,100,0,0,0,25,25,0,4.67,0,25,25,2,100,0,0,0,25,25,0,4.67,0
Kenya,Fm Sudan,2010,EXPIMP,Animal,950.88,1.93,0.4,0.09,0.07,1.95,221.57,0,0,1,0,100,0,0,0,0,0,0,1.93,25,25,1,100,0,0,0,25,25,0,1.93,0
Kenya,Senegal,2010,EXPIMP,Animal,0,1.21,,1.73,,,,25,25,1,100,0,0,0,25,25,0,1.21,0,25,25,1,100,0,0,0,25,25,0,1.21,0
Kenya,Singapore,2010,EXPIMP,Animal,215.79,2253.13,2.64,0.56,1.22,26.29,94.71,25,25,3,100,0,0,0,25,25,0,2253.13,0,25,25,3,100,0,0,0,25,25,0,2253.13,0
Kenya,Suriname,2010,EXPIMP,Animal,0,0.87,,5.11,,,,25,25,1,100,0,0,0,25,25,0,0.87,0,25,25,1,100,0,0,0,25,25,0,0.87,0
Kenya,Slovenia,2010,EXPIMP,Animal,0,0.29,,0.02,0.47,2.12,-64.99,25,25,1,100,0,0,0,25,25,0,0.29,0,25,25,1,100,0,0,0,25,25,0,0.29,0
Kenya,Seychelles,2010,EXPIMP,Animal,37.84,1277.45,1.09,95.71,0.01,124.9,-77.22,0,0,1,0,100,0,0,0,0,0,0,1277.45,25,25,1,100,0,0,0,25,25,0,1277.45,0
Kenya,Thailand,2010,EXPIMP,Animal,38.13,142.72,0.27,0.13,0.15,8.78,-37.09,28.89,25.68,10,100,0,0,0,60,25,0,142.72,0,28.89,25.68,10,100,0,0,0,60,25,0,142.72,0
Kenya,Tunisia,2010,EXPIMP,Animal,0,1.44,,0.01,,,,25,25,1,100,0,0,0,25,25,0,1.44,0,25,25,1,100,0,0,0,25,25,0,1.44,0
Kenya,Tanzania,2010,EXPIMP,Animal,11455.07,5957.76,2.73,4.48,11.82,7.17,1.52,0,0,15,0,100,0,0,0,0,0,0,5957.76,21.79,9.98,15,80,20,0,0,25,0,0,5955.43,2.33
Kenya,Uganda,2010,EXPIMP,Animal,5239.16,10032.68,0.8,8.63,3.43,20,11.79,0,0,20,0,100,0,0,0,0,0,0,10032.69,34.72,59.26,20,85,15,0,0,60,0,0,10032.69,0
Kenya,United States,2010,EXPIMP,Animal,620.09,541.58,0.22,0.11,0.52,5.78,-0.63,29.24,4.24,17,76.47,23.53,0,0,60,0,0,146.73,394.85,29.24,4.24,17,76.47,23.53,0,0,60,0,0,146.73,394.85
Kenya,Vietnam,2010,EXPIMP,Animal,594.61,101.22,13.97,0.41,,,,25,25,3,100,0,0,0,25,25,0,101.22,0,25,25,3,100,0,0,0,25,25,0,101.22,0
Kenya, World,2010,EXPIMP,Animal,89400.72,30748.48,1.73,0.25,1.41,5.69,8.55,25.68,14.22,355,82.54,17.46,0,0,60,0,0,12577.96,18170.52,25.38,36.65,242,95.45,4.55,0,0,60,0,0,29984.72,763.76
Kenya,Yemen,2010,EXPIMP,Animal,10.41,69.79,0.02,28.26,0.02,5.73,100,25,25,2,100,0,0,0,25,25,0,69.79,0,25,25,2,100,0,0,0,25,25,0,69.79,0
Kenya,South Africa,2010,EXPIMP,Animal,272.22,833.12,0.88,0.11,3.65,34.64,136.29,26.18,20.48,20,85,15,0,0,60,0,0,680.44,152.68,26.18,20.48,20,85,15,0,0,60,0,0,680.44,152.68
Kenya,"Congo, Dem. Rep.",2010,EXPIMP,Animal,1458.72,2.92,0.9,0.02,,,,2.5,2.5,1,100,0,0,0,2.5,2.5,0,2.92,0,25,25,1,100,0,0,0,25,25,0,2.92,0
Kenya,Zimbabwe,2010,EXPIMP,Animal,19.25,3.48,0.21,0.05,0.18,,,0,0,3,0,100,0,0,0,0,0,0,3.48,18.75,15.5,3,66.67,33.33,0,0,25,0,0,3.48,0
Kenya,East Asia & Pacific,2010,EXPIMP,Animal,8945.79,6717.12,6.08,0.19,,,,26.91,36.72,57,100,0,0,0,60,25,0,6717.11,0,27.5,36.72,44,100,0,0,0,60,25,0,6717.11,0
Kenya,Europe & Central Asia,2010,EXPIMP,Animal,22521.13,3734.25,1.63,0.14,,,,30.23,35.23,146,92.47,7.53,0,0,60,0,0,3653.27,80.98,27.51,35.23,75,92,8,0,0,60,0,0,3653.27,80.98
Kenya,Latin America & Caribbean,2010,EXPIMP,Animal,583.22,459.87,7.49,0.4,,,,25,25,2,100,0,0,0,25,25,0,459.87,0,25,25,2,100,0,0,0,25,25,0,459.87,0
Kenya,Middle East & North Africa,2010,EXPIMP,Animal,27437.9,684.63,4.36,0.03,,,,27.93,24.86,50,94,6,0,0,60,0,0,548.85,135.79,29.73,29.81,40,100,0,0,0,60,25,0,684.63,0
Kenya,North America,2010,EXPIMP,Animal,655.35,674.5,0.22,0.12,,,,26.99,3.4,18,72.22,27.78,0,0,60,0,0,146.73,527.77,29.24,3.4,17,76.47,23.53,0,0,60,0,0,146.73,527.77
Kenya,South Asia,2010,EXPIMP,Animal,419.52,365.32,0.08,0.03,,,,32.5,30.46,17,100,0,0,0,60,25,0,365.32,0,33.08,30.46,16,100,0,0,0,60,25,0,365.32,0
Kenya,Sub-Saharan Africa,2010,EXPIMP,Animal,28609.16,18112.79,1.34,1.52,,,,10.14,0.95,65,33.85,66.15,0,0,60,0,0,686.8,17425.98,28.01,38.83,42,88.1,11.9,0,0,60,0,0,17957.78,155.01
Kenya,United Arab Emirates,2008,EXPIMP,Animal,5755.87,45.55,5.24,0,2.37,18.74,19.54,35,42.87,25,100,0,0,0,60,25,0,45.55,0,35,42.87,25,100,0,0,0,60,25,0,45.55,0
Kenya,Argentina,2008,EXPIMP,Animal,0,40.62,,0.05,,,,25,25,1,100,0,0,0,25,25,0,40.62,0,25,25,1,100,0,0,0,25,25,0,40.62,0
Kenya,Australia,2008,EXPIMP,Animal,2071.23,76.22,30.61,0.38,49.27,5.26,2.29,25,25,1,100,0,0,0,25,25,0,76.22,0,25,25,1,100,0,0,0,25,25,0,76.22,0
Kenya,Austria,2008,EXPIMP,Animal,3.85,3.43,0.09,0.02,0.18,8.93,33.19,19.44,14.59,5,60,40,0,0,25,0,0,3.43,0,19.44,14.59,5,60,40,0,0,25,0,0,3.43,0
Kenya,Belgium,2008,EXPIMP,Animal,1043.55,36.76,2.55,0.03,1.99,4.89,-30.28,42.5,56.41,8,100,0,0,0,60,25,0,36.76,0,42.5,56.41,8,100,0,0,0,60,25,0,36.76,0
Kenya,Brazil,2008,EXPIMP,Animal,0,1118.15,,1.65,0.01,,,25,25,1,100,0,0,0,25,25,0,1118.15,0,25,25,1,100,0,0,0,25,25,0,1118.15,0
Kenya,Canada,2008,EXPIMP,Animal,16.92,321.69,0.16,0.49,0.52,1.39,-39.79,12.5,22.14,2,50,50,0,0,25,0,0,284.86,36.84,12.5,22.14,2,50,50,0,0,25,0,0,284.86,36.84
Kenya,Switzerland,2008,EXPIMP,Animal,3.58,2.84,0.01,0,0.19,9.47,-10.54,36.67,27.99,4,100,0,0,0,60,25,0,2.84,0,36.67,27.99,4,100,0,0,0,60,25,0,2.84,0
Kenya,China,2008,EXPIMP,Animal,1147.39,163.1,3.9,0.02,5.27,9.33,7.82,22.5,24.95,6,83.33,16.67,0,0,25,0,0,163.1,0,22.5,24.95,6,83.33,16.67,0,0,25,0,0,163.1,0
Kenya,Germany,2008,EXPIMP,Animal,1355.83,93.5,1.52,0.02,1.81,13.54,-3.39,22.92,13.02,7,85.71,14.29,0,0,25,0,0,93.49,0,22.92,13.02,7,85.71,14.29,0,0,25,0,0,93.49,0
Kenya,Denmark,2008,EXPIMP,Animal,1261.21,206.49,33.65,0.3,2.53,4.28,236.34,28.5,56.66,11,100,0,0,0,60,25,0,206.49,0,28.5,56.66,11,100,0,0,0,60,25,0,206.49,0
Kenya,"Egypt, Arab Rep.",2008,EXPIMP,Animal,582.44,60.37,0.26,0.04,0.13,,,0,0,1,0,100,0,0,0,0,0,0,60.37,25,25,1,100,0,0,0,25,25,0,60.37,0
Kenya,Spain,2008,EXPIMP,Animal,991.1,120.75,3.16,0.25,3.95,0.43,3.11,25,25,2,100,0,0,0,25,25,0,120.75,0,25,25,2,100,0,0,0,25,25,0,120.75,0
Kenya,Finland,2008,EXPIMP,Animal,0,17.98,,0.02,0.03,7.78,44.01,12.5,12.5,2,50,50,0,0,25,0,0,17.98,0,12.5,12.5,2,50,50,0,0,25,0,0,17.98,0
Kenya,France,2008,EXPIMP,Animal,1378.07,133.41,1.91,0.06,1.45,4.66,38.5,31.39,18.36,11,90.91,9.09,0,0,60,0,0,133.42,0,31.39,18.36,11,90.91,9.09,0,0,60,0,0,133.42,0
Kenya,United Kingdom,2008,EXPIMP,Animal,128.88,350.73,0.02,0.09,0.03,1.77,17.43,34.11,26.95,17,94.12,5.88,0,0,60,0,0,350.72,0,34.11,26.95,17,94.12,5.88,0,0,60,0,0,350.72,0
Kenya,Indonesia,2008,EXPIMP,Animal,0,6.81,,0,,,,25,25,1,100,0,0,0,25,25,0,6.81,0,25,25,1,100,0,0,0,25,25,0,6.81,0
Kenya,India,2008,EXPIMP,Animal,40.42,349.02,0.04,0.03,0.92,24.39,28.09,30.38,25.98,14,100,0,0,0,60,25,0,349.02,0,30.38,25.98,14,100,0,0,0,60,25,0,349.02,0
Kenya,"Iran, Islamic Rep.",2008,EXPIMP,Animal,187.9,2.35,2.57,0,,,,25,25,1,100,0,0,0,25,25,0,2.35,0,25,25,1,100,0,0,0,25,25,0,2.35,0
Kenya,Italy,2008,EXPIMP,Animal,4411.2,132.44,10.18,0.07,1.81,3.37,5.8,29.57,25.37,32,93.75,6.25,0,0,60,0,0,132.44,0,29.57,25.37,32,93.75,6.25,0,0,60,0,0,132.44,0
Kenya,Japan,2008,EXPIMP,Animal,1344.98,356.62,3.96,0.05,1.93,7.94,4.19,25,25,2,100,0,0,0,25,25,0,356.62,0,25,25,2,100,0,0,0,25,25,0,356.62,0
Kenya,"Korea, Rep.",2008,EXPIMP,Animal,97.81,1.02,3.21,0,3.88,-0.49,33.81,25,25,2,100,0,0,0,25,25,0,1.02,0,25,25,2,100,0,0,0,25,25,0,1.02,0
Kenya,Sri Lanka,2008,EXPIMP,Animal,0,1.51,,0.03,,,,25,25,1,100,0,0,0,25,25,0,1.51,0,25,25,1,100,0,0,0,25,25,0,1.51,0
Kenya,Morocco,2008,EXPIMP,Animal,0,21.93,,3.32,,,,25,25,1,100,0,0,0,25,25,0,21.93,0,25,25,1,100,0,0,0,25,25,0,21.93,0
Kenya,Mauritius,2008,EXPIMP,Animal,59.96,177.34,0.5,0.8,0.88,14.79,"6,727.54",0,0,1,0,100,0,0,0,0,0,0,177.34,60,60,1,100,0,0,0,60,60,0,177.34,0
Kenya,Malaysia,2008,EXPIMP,Animal,172.99,57.11,2.1,0.08,4.04,1.67,-42.35,39,57.93,6,100,0,0,0,60,25,0,57.11,0,39,57.93,6,100,0,0,0,60,25,0,57.11,0
Kenya,Nigeria,2008,EXPIMP,Animal,0.04,0.59,0,0.02,,,,25,25,1,100,0,0,0,25,25,0,0.59,0,25,25,1,100,0,0,0,25,25,0,0.59,0
Kenya,Netherlands,2008,EXPIMP,Animal,8173.54,869.77,2.15,0.45,0.89,4.73,-7.48,31.75,26.98,13,84.62,15.38,0,0,60,0,0,833.88,35.89,31.75,26.98,13,84.62,15.38,0,0,60,0,0,833.88,35.89
Kenya,Norway,2008,EXPIMP,Animal,0.71,165.42,0.01,0.65,0.01,0.3,2.58,25,25,6,100,0,0,0,25,25,0,165.42,0,25,25,6,100,0,0,0,25,25,0,165.42,0
Kenya,New Zealand,2008,EXPIMP,Animal,0,3294.56,,58.06,,,,30.63,57.42,5,80,20,0,0,60,0,0,3294.56,0,30.63,57.42,5,80,20,0,0,60,0,0,3294.56,0
Kenya,"Other Asia, nes",2008,EXPIMP,Animal,6.71,11.29,0.28,0.02,5.5,5.43,8.35,,,,,,,,,,,,,,,,,,,,,,,,
Kenya,Oman,2008,EXPIMP,Animal,0,140.82,,2,0.32,30.43,-3.66,25,25,3,100,0,0,0,25,25,0,140.82,0,25,25,3,100,0,0,0,25,25,0,140.82,0
Kenya,Portugal,2008,EXPIMP,Animal,5003.54,12.4,49.33,0.14,10.63,4.37,-0.35,25,25,1,100,0,0,0,25,25,0,12.4,0,25,25,1,100,0,0,0,25,25,0,12.4,0
Kenya,Singapore,2008,EXPIMP,Animal,178.77,1443.03,0.51,0.4,0.77,8.43,-20.43,25,25,5,100,0,0,0,25,25,0,1443.03,0,25,25,5,100,0,0,0,25,25,0,1443.03,0
Kenya,Seychelles,2008,EXPIMP,Animal,4.46,2167.86,0.13,38.91,,,,2.5,2.5,1,100,0,0,0,2.5,2.5,0,2167.86,0,25,25,1,100,0,0,0,25,25,0,2167.86,0
Kenya,Thailand,2008,EXPIMP,Animal,0,29.17,,0.02,0.01,15.53,525.03,25,25,3,100,0,0,0,25,25,0,29.17,0,25,25,3,100,0,0,0,25,25,0,29.17,0
Kenya,Turkey,2008,EXPIMP,Animal,0,1.05,,0,,,,25,25,1,100,0,0,0,25,25,0,1.05,0,25,25,1,100,0,0,0,25,25,0,1.05,0
Kenya,Tanzania,2008,EXPIMP,Animal,9786.09,4188,2.3,3.97,5.23,28.04,141.34,0,0,11,0,100,0,0,0,0,0,0,4188,26.98,14.52,11,63.64,36.36,0,0,60,0,0,4186.72,1.29
Kenya,Uganda,2008,EXPIMP,Animal,6344.61,1100.53,1.03,1.46,4.9,6.13,-2.58,0,0,13,0,100,0,0,0,0,0,0,1100.53,29.54,50.63,13,76.92,23.08,0,0,60,0,0,1100.53,0
Kenya,United States,2008,EXPIMP,Animal,1990.79,784.86,0.66,0.2,0.98,-0.75,-17.94,28.19,36.4,18,72.22,27.78,0,0,60,0,0,659.76,125.1,28.19,36.4,18,72.22,27.78,0,0,60,0,0,659.76,125.1
Kenya, World,2008,EXPIMP,Animal,84897.96,18571.95,1.7,0.17,1.38,7.24,5.11,26.53,21.27,261,81.23,18.77,0,0,60,0,0,12519.57,6052.38,25.38,31.16,242,95.45,4.55,0,0,60,0,0,18344.6,227.35
Kenya,Yemen,2008,EXPIMP,Animal,0.02,113.21,0,30.21,0,-3.12,-99.44,36.67,28.84,3,100,0,0,0,60,25,0,113.21,0,36.67,28.84,3,100,0,0,0,60,25,0,113.21,0
Kenya,South Africa,2008,EXPIMP,Animal,400.5,51.61,0.76,0.01,2.74,-6.08,3,19.64,6.8,8,75,25,0,0,25,0,0,23.37,28.24,19.64,6.8,8,75,25,0,0,25,0,0,23.37,28.24
Kenya,Zimbabwe,2008,EXPIMP,Animal,1.12,300.07,0.04,13.32,0.14,80.44,-1.24,0,0,3,0,100,0,0,0,0,0,0,300.07,18.75,20.63,3,66.67,33.33,0,0,25,0,0,300.07,0
Kenya,East Asia & Pacific,2008,EXPIMP,Animal,8062.61,5427.63,3.85,0.2,,,,27.86,45.02,31,93.55,6.45,0,0,60,0,0,5427.63,0,28.03,45.02,21,95.24,4.76,0,0,60,0,0,5427.63,0
Kenya,Europe & Central Asia,2008,EXPIMP,Animal,25731.33,2146.96,1.78,0.09,,,,30.14,28.68,120,91.67,8.33,0,0,60,0,0,2111.06,35.89,27.3,28.68,66,90.91,9.09,0,0,60,0,0,2111.06,35.89
Kenya,Latin America & Caribbean,2008,EXPIMP,Animal,0,1158.77,,0.7,,,,25,25,2,100,0,0,0,25,25,0,1158.77,0,25,25,2,100,0,0,0,25,25,0,1158.77,0
Kenya,Middle East & North Africa,2008,EXPIMP,Animal,26000.01,384.22,5.52,0.01,,,,32.33,24.32,34,97.06,2.94,0,0,60,0,0,323.85,60.37,34.8,28.25,29,100,0,0,0,60,25,0,384.22,0
Kenya,North America,2008,EXPIMP,Animal,2007.71,1106.55,0.65,0.24,,,,25.95,32.25,20,70,30,0,0,60,0,0,944.62,161.93,27.95,32.25,19,73.68,26.32,0,0,60,0,0,944.62,161.93
Kenya,South Asia,2008,EXPIMP,Animal,54.72,350.54,0.01,0.03,,,,30,25.97,15,100,0,0,0,60,25,0,350.53,0,30,25.97,15,100,0,0,0,60,25,0,350.53,0
Kenya,Sub-Saharan Africa,2008,EXPIMP,Animal,22881.14,7986,1.08,0.75,,,,5.69,0.72,38,21.05,78.95,0,0,25,0,0,2191.82,5794.18,26.83,23.53,26,80.77,19.23,0,0,60,0,0,7956.47,29.53
Kenya,United Arab Emirates,2009,EXPIMP,Animal,4273.69,28.41,3.08,0,3.95,-2.64,-5.52,35.77,33.2,15,100,0,0,0,60,25,0,28.41,0,35.77,33.2,15,100,0,0,0,60,25,0,28.41,0
Kenya,Australia,2009,EXPIMP,Animal,1657.78,37.12,19.48,0.13,33.01,-4.69,-14.32,25,25,1,100,0,0,0,25,25,0,37.12,0,25,25,1,100,0,0,0,25,25,0,37.12,0
Kenya,Austria,2009,EXPIMP,Animal,3.72,0.02,0.08,0,0.55,-3.72,-14.23,25,25,1,100,0,0,0,25,25,0,0.02,0,25,25,1,100,0,0,0,25,25,0,0.02,0
Kenya,Belgium,2009,EXPIMP,Animal,526.49,7.26,1.2,0.01,0.51,-6.13,-49.7,42.5,54.29,2,100,0,0,0,60,25,0,7.26,0,42.5,54.29,2,100,0,0,0,60,25,0,7.26,0
Kenya,Brazil,2009,EXPIMP,Animal,204.1,270.8,19.42,0.42,,,,25,25,1,100,0,0,0,25,25,0,270.8,0,25,25,1,100,0,0,0,25,25,0,270.8,0
Kenya,Canada,2009,EXPIMP,Animal,3.14,504.65,0.02,0.63,0.04,-2.26,-67.93,12.5,21.59,2,50,50,0,0,25,0,0,435.82,68.83,12.5,21.59,2,50,50,0,0,25,0,0,435.82,68.83
Kenya,Switzerland,2009,EXPIMP,Animal,21.81,1716.86,0.16,2.46,0.21,-4.54,1.46,60,60,1,100,0,0,0,60,60,0,1716.86,0,60,60,1,100,0,0,0,60,60,0,1716.86,0
Kenya,China,2009,EXPIMP,Animal,1721.9,181.57,5.35,0.02,7.64,-3.05,14.49,25,25,8,100,0,0,0,25,25,0,181.57,0,25,25,8,100,0,0,0,25,25,0,181.57,0
Kenya,Cote d'Ivoire,2009,EXPIMP,Animal,0,236.31,,76.78,,,,25,25,1,100,0,0,0,25,25,0,236.31,0,25,25,1,100,0,0,0,25,25,0,236.31,0
Kenya,Czech Republic,2009,EXPIMP,Animal,0,0.58,,0,0.4,-0.33,315.25,0,0,1,0,100,0,0,0,0,0,0,0.58,0,0,1,0,100,0,0,0,0,0,0,0.58
Kenya,Germany,2009,EXPIMP,Animal,628.51,377.63,0.66,0.13,0.68,-5.75,-40.31,28.19,43.18,17,70.59,29.41,0,0,60,0,0,371.69,5.94,28.19,43.18,17,70.59,29.41,0,0,60,0,0,371.69,5.94
Kenya,Denmark,2009,EXPIMP,Animal,236.29,509.59,13.36,0.68,1.08,-8.79,-51.33,33.08,48.91,15,100,0,0,0,60,25,0,509.59,0,33.08,48.91,15,100,0,0,0,60,25,0,509.59,0
Kenya,"Egypt, Arab Rep.",2009,EXPIMP,Animal,2.34,131.49,0,0.11,,,,0,0,5,0,100,0,0,0,0,0,0,131.49,25,25,5,100,0,0,0,25,25,0,131.49,0
Kenya,Spain,2009,EXPIMP,Animal,1335.1,46.86,6.84,0.09,1.61,-9.08,-45.76,25,25,1,100,0,0,0,25,25,0,46.86,0,25,25,1,100,0,0,0,25,25,0,46.86,0
Kenya,Finland,2009,EXPIMP,Animal,0,12.28,,0.02,0,-1.05,-64.87,6.25,12.06,3,33.33,66.67,0,0,25,0,0,11.85,0.43,6.25,12.06,3,33.33,66.67,0,0,25,0,0,11.85,0.43
Kenya,France,2009,EXPIMP,Animal,1725.6,155.85,3.08,0.08,1.5,-3.35,-2.79,30.63,41.05,11,81.82,18.18,0,0,60,0,0,155.85,0,30.63,41.05,11,81.82,18.18,0,0,60,0,0,155.85,0
Kenya,United Kingdom,2009,EXPIMP,Animal,177.52,1278.45,0.04,0.27,0.04,-11.33,6.87,31.4,53.23,30,90,10,0,0,60,0,0,1278.27,0.18,31.4,53.23,30,90,10,0,0,60,0,0,1278.27,0.18
Kenya,Georgia,2009,EXPIMP,Animal,0,19.08,,3.02,,,,25,25,1,100,0,0,0,25,25,0,19.08,0,25,25,1,100,0,0,0,25,25,0,19.08,0
Kenya,"Hong Kong, China",2009,EXPIMP,Animal,3039.3,2.21,12.69,0.01,14.99,3.88,-0.75,25,25,4,100,0,0,0,25,25,0,2.21,0,25,25,4,100,0,0,0,25,25,0,2.21,0
Kenya,Hungary,2009,EXPIMP,Animal,0,8.75,,0.1,,,,60,60,2,100,0,0,0,60,60,0,8.75,0,60,60,2,100,0,0,0,60,60,0,8.75,0
Kenya,Indonesia,2009,EXPIMP,Animal,0,0.72,,0,,,,25,25,1,100,0,0,0,25,25,0,0.72,0,25,25,1,100,0,0,0,25,25,0,0.72,0
Kenya,India,2009,EXPIMP,Animal,10.8,431.21,0.02,0.04,0.34,17.27,-24.21,29.38,29.62,18,100,0,0,0,60,25,0,431.21,0,29.38,29.62,18,100,0,0,0,60,25,0,431.21,0
Kenya,Ireland,2009,EXPIMP,Animal,0,74.66,,0.27,0.19,-9.74,131.75,60,60,1,100,0,0,0,60,60,0,74.66,0,60,60,1,100,0,0,0,60,60,0,74.66,0
Kenya,"Iran, Islamic Rep.",2009,EXPIMP,Animal,0.19,149,0,0.18,,,,25,25,2,100,0,0,0,25,25,0,149,0,25,25,2,100,0,0,0,25,25,0,149,0
Kenya,Italy,2009,EXPIMP,Animal,2398.97,232.44,7.67,0.13,1.58,-5.24,-24.04,28.33,24.61,23,86.96,13.04,0,0,60,0,0,223.69,8.75,28.33,24.61,23,86.96,13.04,0,0,60,0,0,223.69,8.75
Kenya,Japan,2009,EXPIMP,Animal,674.2,58.76,2.34,0.01,0.96,-5.67,-16.69,42.5,25,3,100,0,0,0,60,25,0,58.76,0,42.5,25,3,100,0,0,0,60,25,0,58.76,0
Kenya,"Korea, Rep.",2009,EXPIMP,Animal,37.8,510.56,1.12,0.37,1.01,-6.67,-45.46,25,25,6,100,0,0,0,25,25,0,510.56,0,25,25,6,100,0,0,0,25,25,0,510.56,0
Kenya,Kuwait,2009,EXPIMP,Animal,76.77,0.39,2.9,0,,,,60,60,1,100,0,0,0,60,60,0,0.39,0,60,60,1,100,0,0,0,60,60,0,0.39,0
Kenya,Sri Lanka,2009,EXPIMP,Animal,0.92,17.26,0.01,0.72,0.06,,,25,25,6,100,0,0,0,25,25,0,17.26,0,25,25,6,100,0,0,0,25,25,0,17.26,0
Kenya,Madagascar,2009,EXPIMP,Animal,0,3.2,,0.05,1.5,-22.39,6.78,0,0,1,0,100,0,0,0,0,0,0,3.2,25,25,1,100,0,0,0,25,25,0,3.2,0
Kenya,Malaysia,2009,EXPIMP,Animal,110.59,8.96,2.64,0.01,0.79,-6.32,-31.48,33.75,31.27,4,100,0,0,0,60,25,0,8.96,0,33.75,31.27,4,100,0,0,0,60,25,0,8.96,0
Kenya,Netherlands,2009,EXPIMP,Animal,7025.9,932.99,2.06,0.41,0.98,-5.24,9.73,35.25,36.82,14,85.71,14.29,0,0,60,0,0,911.15,21.84,35.25,36.82,14,85.71,14.29,0,0,60,0,0,911.15,21.84
Kenya,Norway,2009,EXPIMP,Animal,0.51,147.21,0,0.66,0,-8.6,-0.96,25,25,9,100,0,0,0,25,25,0,147.21,0,25,25,9,100,0,0,0,25,25,0,147.21,0
Kenya,New Zealand,2009,EXPIMP,Animal,0,3258.5,,11.83,,,,29.5,55.61,6,83.33,16.67,0,0,60,0,0,3258.5,0,29.5,55.61,6,83.33,16.67,0,0,60,0,0,3258.5,0
Kenya,"Other Asia, nes",2009,EXPIMP,Animal,3.43,15.48,0.25,0.03,0.13,0.07,-69.82,,,,,,,,,,,,,,,,,,,,,,,,
Kenya,Oman,2009,EXPIMP,Animal,125.92,119.85,2.86,0.2,1.96,-11.58,107.64,25,25,2,100,0,0,0,25,25,0,119.85,0,25,25,2,100,0,0,0,25,25,0,119.85,0
Kenya,Pakistan,2009,EXPIMP,Animal,5.18,25.7,0,0.03,0.01,5.07,16.27,25,25,1,100,0,0,0,25,25,0,25.7,0,25,25,1,100,0,0,0,25,25,0,25.7,0
Kenya,Portugal,2009,EXPIMP,Animal,2965.5,8.04,79.08,0.1,11.81,-4.06,-16.59,25,25,1,100,0,0,0,25,25,0,8.04,0,25,25,1,100,0,0,0,25,25,0,8.04,0
Kenya,Rwanda,2009,EXPIMP,Animal,326.7,0.1,0.26,0,0.55,-12.04,-10.67,0,0,1,0,100,0,0,0,0,0,0,0.1,25,25,1,100,0,0,0,25,25,0,0.1,0
Kenya,Singapore,2009,EXPIMP,Animal,167.59,5.18,0.7,0,1.06,-8.41,-11.3,25,25,4,100,0,0,0,25,25,0,5.18,0,25,25,4,100,0,0,0,25,25,0,5.18,0
Kenya,Seychelles,2009,EXPIMP,Animal,0,3682.4,,91.86,0.33,,,0,0,3,0,100,0,0,0,0,0,0,3682.4,25,25,3,100,0,0,0,25,25,0,3682.4,0
Kenya,Thailand,2009,EXPIMP,Animal,37.26,68.96,0.33,0.08,0.43,-12.22,334.24,25,25,2,100,0,0,0,25,25,0,68.96,0,25,25,2,100,0,0,0,25,25,0,68.96,0
Kenya,Tanzania,2009,EXPIMP,Animal,10247.74,3712.93,2.63,3.67,9.71,5.49,34.47,0,0,12,0,100,0,0,0,0,0,0,3712.93,26.83,10.26,12,83.33,16.67,0,0,60,0,0,3712.93,0
Kenya,Uganda,2009,EXPIMP,Animal,4670.12,3616.17,0.78,6.31,3.66,-13.84,-23.77,0,0,17,0,100,0,0,0,0,0,0,3616.17,37.18,56.06,17,88.24,11.76,0,0,60,0,0,3616.17,0
Kenya,United States,2009,EXPIMP,Animal,700.97,238.42,0.31,0.04,0.53,-5.63,-26.97,27.95,11.08,19,73.68,26.32,0,0,60,0,0,167.44,70.98,27.95,11.08,19,73.68,26.32,0,0,60,0,0,167.44,70.98
Kenya,Vietnam,2009,EXPIMP,Animal,0,35.09,,0.2,,,,25,25,2,100,0,0,0,25,25,0,35.09,0,25,25,2,100,0,0,0,25,25,0,35.09,0
Kenya, World,2009,EXPIMP,Animal,73413.79,23241.44,1.64,0.23,1.17,-5.75,-7.31,24.86,22.76,303,75.58,24.42,0,0,60,0,0,11770.83,11470.62,25.38,37.27,242,95.45,4.55,0,0,60,0,0,22981.58,259.87
Kenya,Yemen,2009,EXPIMP,Animal,0,43.81,,19.52,0.01,1.61,"1,025.76",25,25,2,100,0,0,0,25,25,0,43.81,0,25,25,2,100,0,0,0,25,25,0,43.81,0
Kenya,South Africa,2009,EXPIMP,Animal,145.08,253.23,0.31,0.03,0.72,-4.7,-46.6,20.63,22.93,13,69.23,30.77,0,0,60,0,0,170.89,82.34,20.63,22.93,13,69.23,30.77,0,0,60,0,0,170.89,82.34
Kenya,Zambia,2009,EXPIMP,Animal,166.67,2.18,0.27,0.01,0.07,2.06,-39.95,0,0,3,0,100,0,0,0,0,0,0,2.18,18.75,13.7,3,66.67,33.33,0,0,25,0,0,2.18,0
Kenya,Zimbabwe,2009,EXPIMP,Animal,1.64,62.28,0.04,0.8,,,,0,0,3,0,100,0,0,0,0,0,0,62.28,18.75,18.54,3,66.67,33.33,0,0,25,0,0,62.28,0
Kenya,East Asia & Pacific,2009,EXPIMP,Animal,7453.88,4167.64,4.89,0.16,,,,27.37,48.95,41,97.56,2.44,0,0,60,0,0,4167.64,0,27.13,48.95,29,96.55,3.45,0,0,60,0,0,4167.64,0
Kenya,Europe & Central Asia,2009,EXPIMP,Animal,19056.15,5528.55,1.47,0.25,,,,30.48,48.81,133,86.47,13.53,0,0,60,0,0,5490.83,37.72,27.39,48.81,67,89.55,10.45,0,0,60,0,0,5490.83,37.72
Kenya,Latin America & Caribbean,2009,EXPIMP,Animal,216.54,270.8,4.2,0.24,,,,25,25,1,100,0,0,0,25,25,0,270.8,0,25,25,1,100,0,0,0,25,25,0,270.8,0
Kenya,Middle East & North Africa,2009,EXPIMP,Animal,23542.8,472.94,5.62,0.02,,,,27,18.57,27,81.48,18.52,0,0,60,0,0,341.45,131.49,34.21,25.52,21,100,0,0,0,60,25,0,472.94,0
Kenya,North America,2009,EXPIMP,Animal,704.11,743.07,0.29,0.1,,,,25.89,18.22,21,71.43,28.57,0,0,60,0,0,603.26,139.81,27.74,18.22,20,75,25,0,0,60,0,0,603.26,139.81
Kenya,South Asia,2009,EXPIMP,Animal,16.91,474.18,0,0.04,,,,28.04,29.2,25,100,0,0,0,60,25,0,474.18,0,28.18,29.2,24,100,0,0,0,60,25,0,474.18,0
Kenya,Sub-Saharan Africa,2009,EXPIMP,Animal,22225.64,11568.79,1.15,0.94,,,,6.06,1.01,54,18.52,81.48,0,0,60,0,0,407.19,11161.61,26.72,29.9,40,82.5,17.5,0,0,60,0,0,11486.45,82.34
Kenya,United Arab Emirates,2013,EXPIMP,Animal,5991.76,171.41,2.26,0.01,4.47,8.87,-11.88,,,,,,,,,,,,,,,,,,,,,,,,
Kenya,Argentina,2013,EXPIMP,Animal,0,0.09,,0,,,,25,25,1,100,0,0,0,25,25,0,36.75,0,25,25,1,100,0,0,0,25,25,0,36.75,0
Kenya,Australia,2013,EXPIMP,Animal,333.06,34.52,1.08,0.02,0.94,1.37,-33.02,25,25,1,100,0,0,0,25,25,0,72.08,0,25,25,1,100,0,0,0,25,25,0,72.08,0
Kenya,Bulgaria,2013,EXPIMP,Animal,0,4.11,,0.08,,,,,,,,,,,,,,,,,,,,,,,,,,,
Kenya,Bahrain,2013,EXPIMP,Animal,64.92,0.01,5.62,0,2.52,-3.05,-27.39,,,,,,,,,,,,,,,,,,,,,,,,
Kenya,Brazil,2013,EXPIMP,Animal,0,316.16,,0.17,,,,25,25,5,100,0,0,0,25,25,0,5358.98,0,25,25,5,100,0,0,0,25,25,0,5358.98,0
Kenya,Canada,2013,EXPIMP,Animal,65.05,283.99,0.43,0.37,0.22,1.14,-21.46,0,0,2,0,100,0,0,0,0,0,0,260.29,0,0,2,0,100,0,0,0,0,0,0,260.29
Kenya,Switzerland,2013,EXPIMP,Animal,1.21,31.44,0,0.04,0.04,4.4,-14.37,,,,,,,,,,,,,,,,,,,,,,,,
Kenya,China,2013,EXPIMP,Animal,1194.49,2192.61,2.45,0.1,8.26,14.55,34.16,28.18,25,11,100,0,0,0,60,25,0,5359.63,0,28.18,25,11,100,0,0,0,60,25,0,5359.63,0
Kenya,Cote d'Ivoire,2013,EXPIMP,Animal,0,708.72,0,30.29,,,,,,,,,,,,,,,,,,,,,,,,,,,
Kenya,Cyprus,2013,EXPIMP,Animal,337.03,1.49,15.48,0.09,,,,25,25,1,100,0,0,0,25,25,0,1.11,0,25,25,1,100,0,0,0,25,25,0,1.11,0
Kenya,Germany,2013,EXPIMP,Animal,773.55,522.18,0.81,0.12,0.49,4.44,-13.13,32.54,46.36,22,81.82,18.18,0,0,60,0,0,945.79,147.71,32.54,46.36,22,81.82,18.18,0,0,60,0,0,945.79,147.71
Kenya,Denmark,2013,EXPIMP,Animal,55.56,350.43,1.63,0.65,0.37,6.57,18.16,27.36,44.62,15,80,20,0,0,60,0,0,390.19,30.76,27.36,44.62,15,80,20,0,0,60,0,0,390.19,30.76
Kenya,"Egypt, Arab Rep.",2013,EXPIMP,Animal,214.51,295.92,0.11,0.1,0.02,-10.41,1.33,,,,,,,,,,,,,,,,,,,,,,,,
Kenya,Spain,2013,EXPIMP,Animal,1215.28,43.9,5.19,0.05,1.72,1.66,-15.48,24.75,24.34,12,83.33,16.67,0,0,60,0,0,2769.97,87.2,24.75,24.34,12,83.33,16.67,0,0,60,0,0,2769.97,87.2
Kenya,Ethiopia(excludes Eritrea),2013,EXPIMP,Animal,419.86,0.3,0.86,0.01,9.94,-4.87,-0.13,,,,,,,,,,,,,,,,,,,,,,,,
Kenya,France,2013,EXPIMP,Animal,2104.7,296.86,3.3,0.12,1.84,4,76.28,22.22,14.68,9,88.89,11.11,0,0,25,0,0,419.56,295.02,22.22,14.68,9,88.89,11.11,0,0,25,0,0,419.56,295.02
Kenya,United Kingdom,2013,EXPIMP,Animal,635.06,585.73,0.15,0.11,0.1,4.07,24.02,29.17,18.14,25,80,20,0,0,60,0,0,979.39,1043.28,29.17,18.14,25,80,20,0,0,60,0,0,979.39,1043.28
Kenya,"Hong Kong, China",2013,EXPIMP,Animal,3626.87,13.35,9.56,0.02,19.01,6.97,-3.09,,,,,,,,,,,,,,,,,,,,,,,,
Kenya,India,2013,EXPIMP,Animal,26.32,540.35,0.02,0.02,0.5,-28.81,-19.39,27.4,30.68,26,96.15,3.85,0,0,60,0,0,1768.46,0,27.4,30.68,26,96.15,3.85,0,0,60,0,0,1768.46,0
Kenya,Ireland,2013,EXPIMP,Animal,0.24,1067.7,0,2.1,0,,,60,60,1,100,0,0,0,60,60,0,700.8,0,60,60,1,100,0,0,0,60,60,0,700.8,0
Kenya,"Iran, Islamic Rep.",2013,EXPIMP,Animal,56.19,0.2,0.17,0,0.08,,,,,,,,,,,,,,,,,,,,,,,,,,
Kenya,Italy,2013,EXPIMP,Animal,2477.54,461.39,4.71,0.2,0.75,2.99,-25.1,30,25.36,7,100,0,0,0,60,25,0,561.29,0,30,25.36,7,100,0,0,0,60,25,0,561.29,0
Kenya,Japan,2013,EXPIMP,Animal,301.43,740.5,0.96,0.08,1.74,-6.68,12.2,25,25,2,100,0,0,0,25,25,0,874.35,0,25,25,2,100,0,0,0,25,25,0,874.35,0
Kenya,Cambodia,2013,EXPIMP,Animal,0,0.59,,0.11,,,,,,,,,,,,,,,,,,,,,,,,,,,
Kenya,"Korea, Rep.",2013,EXPIMP,Animal,0,869.97,,0.31,0.56,-0.6,-15.95,36.67,25.09,4,100,0,0,0,60,25,0,1034.11,0,36.67,25.09,4,100,0,0,0,60,25,0,1034.11,0
Kenya,Liberia,2013,EXPIMP,Animal,0.71,1.53,0.38,1.14,,,,,,,,,,,,,,,,,,,,,,,,,,,
Kenya,Sri Lanka,2013,EXPIMP,Animal,1.64,0.62,0.06,0.01,0.29,1.47,7.04,25,25,2,100,0,0,0,25,25,0,0.68,0,25,25,2,100,0,0,0,25,25,0,0.68,0
Kenya,Mozambique,2013,EXPIMP,Animal,0.38,0.6,0,0,0.17,18.67,-28.52,,,,,,,,,,,,,,,,,,,,,,,,
Kenya,Mauritius,2013,EXPIMP,Animal,208.38,0.78,1.88,0,0.38,-1.88,-24.01,0,0,3,0,100,0,0,0,0,0,0,24.94,25,25,3,100,0,0,0,25,25,0,24.94,0
Kenya,Malaysia,2013,EXPIMP,Animal,112.29,36.5,2.03,0.03,3.81,4.83,22.5,51.25,59.77,6,100,0,0,0,60,25,0,2993.32,0,51.25,59.77,6,100,0,0,0,60,25,0,2993.32,0
Kenya,Nigeria,2013,EXPIMP,Animal,58.1,0.01,0.22,0,4.6,,,,,,,,,,,,,,,,,,,,,,,,,,
Kenya,Netherlands,2013,EXPIMP,Animal,8345.23,921.55,2.21,0.32,0.6,2.93,0.17,30.29,23.39,20,90,10,0,0,60,0,0,769.67,329.61,30.29,23.39,20,90,10,0,0,60,0,0,769.67,329.61
Kenya,Norway,2013,EXPIMP,Animal,0.98,192.22,0,0.8,0.04,-4.13,2.78,25,25,11,100,0,0,0,25,25,0,669.83,0,25,25,11,100,0,0,0,25,25,0,669.83,0
Kenya,New Zealand,2013,EXPIMP,Animal,0,2098.53,,29.86,,,,30.63,53.42,9,88.89,11.11,0,0,60,0,0,1560.63,22.68,30.63,53.42,9,88.89,11.11,0,0,60,0,0,1560.63,22.68
Kenya,"Other Asia, nes",2013,EXPIMP,Animal,12.67,105.03,0.66,0.07,0.08,-3.08,-3,,,,,,,,,,,,,,,,,,,,,,,,
Kenya,Oman,2013,EXPIMP,Animal,4096,114.3,46.11,0.26,10.66,6.19,-10.43,42.5,59.59,3,100,0,0,0,60,25,0,10116.97,0,42.5,59.59,3,100,0,0,0,60,25,0,10116.97,0
Kenya,Pakistan,2013,EXPIMP,Animal,9.22,0.36,0,0,0,-1.88,25.65,42.5,56.94,2,100,0,0,0,60,25,0,59.53,0,42.5,56.94,2,100,0,0,0,60,25,0,59.53,0
Kenya,Philippines,2013,EXPIMP,Animal,5.47,1079.06,0.1,14.07,0.1,6.19,2.51,,,,,,,,,,,,,,,,,,,,,,,,
Kenya,Poland,2013,EXPIMP,Animal,1.67,86.39,0.01,0.32,0.04,12.46,8.1,25,25,3,100,0,0,0,25,25,0,420.47,0,25,25,3,100,0,0,0,25,25,0,420.47,0
Kenya,Saudi Arabia,2013,EXPIMP,Animal,311.17,1.54,0.85,0,0.09,,,,,,,,,,,,,,,,,,,,,,,,,,
Kenya,"Serbia, FR(Serbia/Montenegro)",2013,EXPIMP,Animal,2453.27,4.59,1.37,0.15,,,,,,,,,,,,,,,,,,,,,,,,,,,
Kenya,Singapore,2013,EXPIMP,Animal,172.57,34.56,4.41,0.02,9.07,2.73,-28.98,25,25,3,100,0,0,0,25,25,0,28.01,0,25,25,3,100,0,0,0,25,25,0,28.01,0
Kenya,Sweden,2013,EXPIMP,Animal,2.37,30.11,0.01,0.04,0.01,9.24,-29.17,25,25,1,100,0,0,0,25,25,0,0.15,0,25,25,1,100,0,0,0,25,25,0,0.15,0
Kenya,Seychelles,2013,EXPIMP,Animal,111.51,2893.17,2.64,85.71,0.4,-1.66,151.6,,,,,,,,,,,,,,,,,,,,,,,,
Kenya,Togo,2013,EXPIMP,Animal,0.12,1.19,0.03,7.66,,,,,,,,,,,,,,,,,,,,,,,,,,,
Kenya,Thailand,2013,EXPIMP,Animal,34.44,4.42,0.18,0,0.55,1.56,-2.03,21.67,24.53,7,71.43,28.57,0,0,25,0,0,14.25,0,21.67,24.53,7,71.43,28.57,0,0,25,0,0,14.25,0
Kenya,Turkey,2013,EXPIMP,Animal,14.17,0.65,0.14,0,0.77,-11.36,-9.11,42.5,41.64,2,100,0,0,0,60,25,0,66.64,0,42.5,41.64,2,100,0,0,0,60,25,0,66.64,0
Kenya,Tanzania,2013,EXPIMP,Animal,13271.31,3812.76,3.13,2.81,14.24,7.1,-9.55,0,0,28,0,100,0,0,0,0,0,0,4433.34,21.88,24.41,28,82.14,17.86,0,0,25,0,0,4373.43,59.91
Kenya,Uganda,2013,EXPIMP,Animal,6060.74,21181.1,0.92,11.34,5.85,-5.61,11.95,0,0,39,0,100,0,0,0,0,0,0,20437.41,28.7,58.25,39,84.62,15.38,0,0,60,0,0,20433.82,3.6
Kenya,United States,2013,EXPIMP,Animal,481.39,283.08,0.14,0.04,0.2,3.55,1.41,18.06,12.35,8,62.5,37.5,0,0,25,0,0,234.85,236.58,18.06,12.35,8,62.5,37.5,0,0,25,0,0,234.85,236.58
Kenya,Vietnam,2013,EXPIMP,Animal,501.74,458.83,9.72,0.7,3.17,,,,,,,,,,,,,,,,,,,,,,,,,,
Kenya, World,2013,EXPIMP,Animal,76287.95,43945.24,1.38,0.27,1.22,3.39,-4,23.56,23.56,372,71.24,28.76,0,0,60,0,0,39755.6,27878.73,25.31,42.88,351,95.73,4.27,0,0,60,0,0,64877.06,2757.27
Kenya,Yemen,2013,EXPIMP,Animal,0,735.64,,24.02,,,,25,25,9,100,0,0,0,25,25,0,695.64,0,25,25,9,100,0,0,0,25,25,0,695.64,0
Kenya,South Africa,2013,EXPIMP,Animal,218.24,240.73,0.63,0.03,0.95,-5.71,14.24,32.79,18.83,38,92.11,7.89,0,0,60,0,0,392.34,132.27,32.79,18.83,38,92.11,7.89,0,0,60,0,0,392.34,132.27
Kenya,Zimbabwe,2013,EXPIMP,Animal,8.57,91.49,0.04,0.96,,,,0,0,1,0,100,0,0,0,0,0,0,81.72,0,0,1,0,100,0,0,0,0,0,0,81.72
Kenya,East Asia & Pacific,2013,EXPIMP,Animal,6283.14,7563.44,2.89,0.16,,,,31.67,37.35,48,93.75,6.25,0,0,60,0,0,12078.59,22.68,27.35,37.35,31,90.32,9.68,0,0,60,0,0,12078.59,22.68
Kenya,Europe & Central Asia,2013,EXPIMP,Animal,22008.13,4600.73,1.37,0.15,,,,29.58,28.62,143,87.41,12.59,0,0,60,0,0,8974.09,1939.39,28.78,28.62,72,91.67,8.33,0,0,60,0,0,8974.09,1939.39
Kenya,Latin America & Caribbean,2013,EXPIMP,Animal,97.39,316.25,0.33,0.13,,,,25,25,7,100,0,0,0,25,25,0,5422.54,0,25,25,6,100,0,0,0,25,25,0,5422.54,0
Kenya,Middle East & North Africa,2013,EXPIMP,Animal,18776.43,1319.02,2.88,0.05,,,,27.69,57.33,14,100,0,0,0,60,25,0,10823.62,0,27.92,57.33,13,100,0,0,0,60,25,0,10823.62,0
Kenya,North America,2013,EXPIMP,Animal,546.44,567.07,0.15,0.08,,,,13.54,7.96,10,50,50,0,0,25,0,0,234.85,496.87,15.48,7.96,9,55.56,44.44,0,0,25,0,0,234.85,496.87
Kenya,South Asia,2013,EXPIMP,Animal,37.69,541.33,0.01,0.02,,,,28.3,31.53,30,96.67,3.33,0,0,60,0,0,1828.67,0,27.13,31.53,29,96.55,3.45,0,0,60,0,0,1828.67,0
Kenya,Sub-Saharan Africa,2013,EXPIMP,Animal,26580.75,28932.37,1.35,2.11,,,,12.02,0.38,120,33.33,66.67,0,0,60,0,0,393.24,25419.8,27.76,51,91,87.91,12.09,0,0,60,0,0,25514.7,298.34
Kenya,Angola,2015,EXPIMP,Animal,0,0.21,,0.08,0.01,-19.32,-26.54,,,,,,,,,,,,,,,,,,,,,,,,
Kenya,United Arab Emirates,2015,EXPIMP,Animal,10356.3,166.37,3.48,0.02,6.48,-1.92,-1.53,,,,,,,,,,,,,,,,,,,,,,,,
Kenya,Argentina,2015,EXPIMP,Animal,0,13.52,,0.09,,,,,,,,,,,,,,,,,,,,,,,,,,,
Kenya,Australia,2015,EXPIMP,Animal,477.7,73.85,2.03,0.18,1.9,-6.92,-16.21,12.5,22.86,2,50,50,0,0,25,0,0,64.39,6.03,12.5,22.86,2,50,50,0,0,25,0,0,64.39,6.03
Kenya,Austria,2015,EXPIMP,Animal,7.74,20.14,0.78,0.07,0.15,-10.2,-28.16,0,0,1,0,100,0,0,0,0,0,0,20.17,0,0,1,0,100,0,0,0,0,0,0,20.17
Kenya,Belgium,2015,EXPIMP,Animal,72.27,192.71,0.16,0.13,0.01,-11.12,-62.37,36.67,59.41,9,100,0,0,0,60,25,0,215.09,0,36.67,59.41,9,100,0,0,0,60,25,0,215.09,0
Kenya,Brazil,2015,EXPIMP,Animal,0.65,40.89,0.01,0.06,0.9,,,16.67,22.82,3,66.67,33.33,0,0,25,0,0,506.18,48.26,16.67,22.82,3,66.67,33.33,0,0,25,0,0,506.18,48.26
Kenya,Canada,2015,EXPIMP,Animal,86.89,274.24,0.37,0.35,0.22,-2.78,-18.01,0,0,2,0,100,0,0,0,0,0,0,332.17,0,0,2,0,100,0,0,0,0,0,0,332.17
Kenya,Switzerland,2015,EXPIMP,Animal,0.7,364.29,0,0.35,0.01,-6.48,12.87,,,,,,,,,,,,,,,,,,,,,,,,
Kenya,China,2015,EXPIMP,Animal,1093.6,10834.55,1.27,0.33,4.12,-7.14,-12.73,28.5,25,10,100,0,0,0,60,25,0,17972.27,0,28.5,25,10,100,0,0,0,60,25,0,17972.27,0
Kenya,Cameroon,2015,EXPIMP,Animal,0,0.38,,2.21,,,,,,,,,,,,,,,,,,,,,,,,,,,
Kenya,Czech Republic,2015,EXPIMP,Animal,1.78,63.67,0.21,0.32,0.36,-8.29,291.02,12.5,1.23,2,50,50,0,0,25,0,0,1.51,29.18,12.5,1.23,2,50,50,0,0,25,0,0,1.51,29.18
Kenya,Germany,2015,EXPIMP,Animal,641.83,2327.99,0.5,0.48,0.39,-9.18,-23.66,34.38,24.77,16,93.75,6.25,0,0,60,0,0,2056.36,117.57,34.38,24.77,16,93.75,6.25,0,0,60,0,0,2056.36,117.57
Kenya,Denmark,2015,EXPIMP,Animal,1.73,67.89,0.02,0.16,0.06,-7.69,-0.64,44.86,49.16,14,78.57,21.43,0,0,60,0,0,199.2,22.03,44.86,49.16,14,78.57,21.43,0,0,60,0,0,199.2,22.03
Kenya,"Egypt, Arab Rep.",2015,EXPIMP,Animal,0,278.39,,0.11,0,4.24,-41.02,,,,,,,,,,,,,,,,,,,,,,,,
Kenya,Spain,2015,EXPIMP,Animal,964.66,465.48,2.93,0.4,0.87,-6.52,4.34,27.69,25,13,100,0,0,0,60,25,0,5484.27,0,27.69,25,13,100,0,0,0,60,25,0,5484.27,0
Kenya,Ethiopia(excludes Eritrea),2015,EXPIMP,Animal,465.41,1.91,0.64,0.04,11.73,6.39,-9.74,,,,,,,,,,,,,,,,,,,,,,,,
Kenya,Finland,2015,EXPIMP,Animal,0.2,7.72,0,0.01,0,,,25,25,1,100,0,0,0,25,25,0,0.55,0,25,25,1,100,0,0,0,25,25,0,0.55,0
Kenya,France,2015,EXPIMP,Animal,513.41,633.66,0.8,0.29,0.87,-9.29,-21.84,27.76,15.71,20,80,20,0,0,60,0,0,614.64,1161.76,27.76,15.71,20,80,20,0,0,60,0,0,614.64,1161.76
Kenya,United Kingdom,2015,EXPIMP,Animal,448.43,438.49,0.11,0.1,0.1,-5.36,-11,31.5,47.53,16,81.25,18.75,0,0,60,0,0,1313.33,102.15,31.5,47.53,16,81.25,18.75,0,0,60,0,0,1313.33,102.15
Kenya,Guyana,2015,EXPIMP,Animal,0,0.26,,0.41,,,,,,,,,,,,,,,,,,,,,,,,,,,
Kenya,"Hong Kong, China",2015,EXPIMP,Animal,4370.79,0.15,26.05,0,31.33,-6.87,8.05,,,,,,,,,,,,,,,,,,,,,,,,
Kenya,Indonesia,2015,EXPIMP,Animal,0.2,1.58,0,0,0.01,,,,,,,,,,,,,,,,,,,,,,,,,,
Kenya,India,2015,EXPIMP,Animal,8.42,430.34,0.01,0.02,1.53,0.25,23.96,27.65,28.57,17,94.12,5.88,0,0,60,0,0,1565.85,84.43,27.65,28.57,17,94.12,5.88,0,0,60,0,0,1565.85,84.43
Kenya,Ireland,2015,EXPIMP,Animal,0.35,1119.52,0,1.46,0.01,-6.95,18.36,60,60,1,100,0,0,0,60,60,0,1064.55,0,60,60,1,100,0,0,0,60,60,0,1064.55,0
Kenya,"Iran, Islamic Rep.",2015,EXPIMP,Animal,0.9,2.36,0.01,0.01,,,,,,,,,,,,,,,,,,,,,,,,,,,
Kenya,Israel,2015,EXPIMP,Animal,6423.32,14.24,43.61,0.01,44.76,4.73,-2.82,0,0,1,0,100,0,0,0,0,0,0,15,0,0,1,0,100,0,0,0,0,0,0,15
Kenya,Italy,2015,EXPIMP,Animal,2346.05,462.26,4.4,0.2,0.91,-8.59,-11.14,37.5,51.25,14,100,0,0,0,60,25,0,826.44,0,37.5,51.25,14,100,0,0,0,60,25,0,826.44,0
Kenya,Jordan,2015,EXPIMP,Animal,11.66,10.96,0.13,0.11,0.03,1.64,-0.38,,,,,,,,,,,,,,,,,,,,,,,,
Kenya,Japan,2015,EXPIMP,Animal,66.69,1453.97,0.16,0.16,0.71,-5.6,-15.22,25,25,1,100,0,0,0,25,25,0,1295.66,0,25,25,1,100,0,0,0,25,25,0,1295.66,0
Kenya,"Korea, Rep.",2015,EXPIMP,Animal,0.22,219.44,0,0.11,0.03,0.73,-66.73,,,,,,,,,,,,,,,,,,,,,,,,
Kenya,Madagascar,2015,EXPIMP,Animal,0.1,0.36,0,0,,,,,,,,,,,,,,,,,,,,,,,,,,,
Kenya,Mexico,2015,EXPIMP,Animal,0,0.76,,0,,,,,,,,,,,,,,,,,,,,,,,,,,,
Kenya,Mauritius,2015,EXPIMP,Animal,980.26,163.5,8.9,0.59,0.66,-11.6,-8,0,0,4,0,100,0,0,0,0,0,0,177.07,27.5,22.71,4,75,25,0,0,60,0,0,160.81,16.26
Kenya,Malaysia,2015,EXPIMP,Animal,168.76,11.12,2.21,0.01,1.54,-8.68,117.25,48.33,59.93,6,100,0,0,0,60,25,0,5312.36,0,48.33,59.93,6,100,0,0,0,60,25,0,5312.36,0
Kenya,Namibia,2015,EXPIMP,Animal,0.78,136.64,0.11,13.98,0.25,-1.74,-45.79,,,,,,,,,,,,,,,,,,,,,,,,
Kenya,Nigeria,2015,EXPIMP,Animal,39.18,0.31,0.11,0.01,,,,,,,,,,,,,,,,,,,,,,,,,,,
Kenya,Netherlands,2015,EXPIMP,Animal,7882.58,1433.36,1.84,0.69,0.46,-7.57,-25.53,29.35,39.95,51,94.12,5.88,0,0,60,0,0,1329.7,297.93,29.35,39.95,51,94.12,5.88,0,0,60,0,0,1329.7,297.93
Kenya,Norway,2015,EXPIMP,Animal,3.92,440.78,0.02,1.8,0.03,-6.15,8.21,25,25,16,100,0,0,0,25,25,0,858.69,0,25,25,16,100,0,0,0,25,25,0,858.69,0
Kenya,New Zealand,2015,EXPIMP,Animal,0,627.64,,8.05,,,,42.5,55.74,4,100,0,0,0,60,25,0,708.97,0,42.5,55.74,4,100,0,0,0,60,25,0,708.97,0
Kenya,Oman,2015,EXPIMP,Animal,2610.76,125.74,23.32,0.21,3.54,-2.45,-11.27,42.5,59.52,4,100,0,0,0,60,25,0,7736.07,0,42.5,59.52,4,100,0,0,0,60,25,0,7736.07,0
Kenya,Panama,2015,EXPIMP,Animal,2.57,78.16,2.03,46.34,,,,,,,,,,,,,,,,,,,,,,,,,,,
Kenya,Poland,2015,EXPIMP,Animal,92.2,79.35,0.4,0.09,0.12,-9.02,-15.61,48.33,43.14,3,100,0,0,0,60,25,0,350,0,48.33,43.14,3,100,0,0,0,60,25,0,350,0
Kenya,Russian Federation,2015,EXPIMP,Animal,0.76,62.79,0,0.02,0,,,25,25,1,100,0,0,0,25,25,0,0.84,0,25,25,1,100,0,0,0,25,25,0,0.84,0
Kenya,Saudi Arabia,2015,EXPIMP,Animal,3936.8,194.05,6.98,0.03,1.74,-0.69,536.57,60,60,2,100,0,0,0,60,60,0,1527.47,0,60,60,2,100,0,0,0,60,60,0,1527.47,0
Kenya,Singapore,2015,EXPIMP,Animal,51.76,979.93,0.36,1,15.41,-7.99,23.14,25,25,3,100,0,0,0,25,25,0,12.96,0,25,25,3,100,0,0,0,25,25,0,12.96,0
Kenya,Somalia,2015,EXPIMP,Animal,1966.51,22.23,1.27,7.61,,,,,,,,,,,,,,,,,,,,,,,,,,,
Kenya,Seychelles,2015,EXPIMP,Animal,78.27,540.17,2.39,82.67,0.11,-47.17,-46.76,,,,,,,,,,,,,,,,,,,,,,,,
Kenya,Thailand,2015,EXPIMP,Animal,74.31,8.91,0.35,0.01,1.49,-5.75,86.98,25,25,7,100,0,0,0,25,25,0,172.92,0,25,25,7,100,0,0,0,25,25,0,172.92,0
Kenya,Turkey,2015,EXPIMP,Animal,2.01,4.03,0.02,0,1.2,4.99,-57.32,25,25,1,100,0,0,0,25,25,0,22.2,0,25,25,1,100,0,0,0,25,25,0,22.2,0
Kenya,Tanzania,2015,EXPIMP,Animal,10577.25,8463.89,3.09,4.92,18.79,-20.56,-26.84,0,0,26,0,100,0,0,0,0,0,0,10083.56,22.42,19.5,26,76.92,23.08,0,0,60,0,0,9971.72,111.84
Kenya,Uganda,2015,EXPIMP,Animal,4500.67,36413.96,0.65,16.05,4.08,-7.88,-17.63,0,0,18,0,100,0,0,0,0,0,0,32138.24,33.33,57.75,18,94.44,5.56,0,0,60,0,0,31904.76,233.49
Kenya,Ukraine,2015,EXPIMP,Animal,0.15,73.59,0.01,0.12,,,,25,25,3,100,0,0,0,25,25,0,252.75,0,25,25,3,100,0,0,0,25,25,0,252.75,0
Kenya,United States,2015,EXPIMP,Animal,498.87,359.22,0.12,0.03,0.15,-0.53,-1.92,26.25,13.86,8,87.5,12.5,0,0,60,0,0,346.98,286.61,26.25,13.86,8,87.5,12.5,0,0,60,0,0,346.98,286.61
Kenya,Vietnam,2015,EXPIMP,Animal,116.42,301.85,3.03,0.91,0.57,-1.12,-34.33,,,,,,,,,,,,,,,,,,,,,,,,
Kenya, World,2015,EXPIMP,Animal,72127.51,71040.87,1.22,0.44,1.15,-6.85,-4.97,26.35,20.67,347,76.66,23.34,0,0,60,0,0,54162.43,45102.94,25.83,41.39,347,95.68,4.32,0,0,60,0,0,96202.84,3062.53
Kenya,Yemen,2015,EXPIMP,Animal,0,96.1,,50.34,,,,,,,,,,,,,,,,,,,,,,,,,,,
Kenya,South Africa,2015,EXPIMP,Animal,746.54,275.5,1.69,0.04,3.07,2.2,23.76,31.78,25.85,26,84.62,15.38,0,0,60,0,0,1469.85,59.65,31.78,25.85,26,84.62,15.38,0,0,60,0,0,1469.85,59.65
Kenya,"Congo, Dem. Rep.",2015,EXPIMP,Animal,1783.61,0.11,0.85,0.01,0.34,,,,,,,,,,,,,,,,,,,,,,,,,,
Kenya,Zimbabwe,2015,EXPIMP,Animal,25.89,165.37,0.21,7.24,0.05,-1.05,548.11,0,0,1,0,100,0,0,0,0,0,0,114.48,0,0,1,0,100,0,0,0,0,0,0,114.48
Kenya,East Asia & Pacific,2015,EXPIMP,Animal,6428.45,14513,2.38,0.27,,,,31.67,33.11,33,96.97,3.03,0,0,60,0,0,25539.53,6.03,29.79,33.11,24,95.83,4.17,0,0,60,0,0,25539.53,6.03
Kenya,Europe & Central Asia,2015,EXPIMP,Animal,15714.79,8257.73,1.06,0.28,,,,31.06,31.98,190,90.53,9.47,0,0,60,0,0,14780.52,1750.78,28.07,31.98,98,92.86,7.14,0,0,60,0,0,14780.52,1750.78
Kenya,Latin America & Caribbean,2015,EXPIMP,Animal,3.43,133.59,0,0.11,,,,18.75,22.82,4,75,25,0,0,25,0,0,506.28,48.26,18.75,22.82,4,75,25,0,0,25,0,0,506.28,48.26
Kenya,Middle East & North Africa,2015,EXPIMP,Animal,23720.94,888.22,3.46,0.04,,,,37.78,59.5,9,88.89,11.11,0,0,60,0,0,9263.97,15,37.78,59.5,9,88.89,11.11,0,0,60,0,0,9263.97,15
Kenya,North America,2015,EXPIMP,Animal,585.75,633.46,0.13,0.05,,,,21,9.09,10,70,30,0,0,60,0,0,346.98,618.78,23.33,9.09,9,77.78,22.22,0,0,60,0,0,346.98,618.78
Kenya,South Asia,2015,EXPIMP,Animal,15.52,430.34,0,0.02,,,,27.65,28.57,17,94.12,5.88,0,0,60,0,0,1565.85,84.43,27.65,28.57,17,94.12,5.88,0,0,60,0,0,1565.85,84.43
Kenya,Sub-Saharan Africa,2015,EXPIMP,Animal,24164.98,46184.52,1.11,3.75,,,,12.35,1.27,84,33.33,66.67,0,0,60,0,0,2159.3,42579.65,28.21,47.24,66,86.36,13.64,0,0,60,0,0,44199.71,539.24
Kenya,United Arab Emirates,2016,EXPIMP,Animal,14540.66,172.91,4.76,0.02,9.22,-2.89,30.56,33.69,51.53,41,95.12,4.88,0,0,60,0,0,6647.83,4.36,33.69,51.53,41,95.12,4.88,0,0,60,0,0,6647.83,4.36
Kenya,Argentina,2016,EXPIMP,Animal,0.49,2.75,4.1,0.03,,,,,,,,,,,,,,,,,,,,,,,,,,,
Kenya,Australia,2016,EXPIMP,Animal,386.14,88.41,1.78,0.31,1.01,1.91,-36.11,12.5,23.22,2,50,50,0,0,25,0,0,76.04,5.82,12.5,23.22,2,50,50,0,0,25,0,0,76.04,5.82
Kenya,Austria,2016,EXPIMP,Animal,1.61,39.78,0.14,0.15,0.3,1.85,34.97,,,,,,,,,,,,,,,,,,,,,,,,
Kenya,Belgium,2016,EXPIMP,Animal,17.46,218.86,0.03,0.16,0.02,1.49,12.06,36.56,54.24,9,88.89,11.11,0,0,60,0,0,99.85,0,36.56,54.24,9,88.89,11.11,0,0,60,0,0,99.85,0
Kenya,Brazil,2016,EXPIMP,Animal,4.74,0.52,0.1,0,4.4,4.15,50.36,25,25,1,100,0,0,0,25,25,0,43.29,0,25,25,1,100,0,0,0,25,25,0,43.29,0
Kenya,Canada,2016,EXPIMP,Animal,111.63,246.48,0.2,0.32,0.33,-1.71,23.64,0,0,1,0,100,0,0,0,0,0,0,190.33,0,0,1,0,100,0,0,0,0,0,0,190.33
Kenya,Switzerland,2016,EXPIMP,Animal,1.58,14.09,0,0.02,0.02,0.92,28.7,,,,,,,,,,,,,,,,,,,,,,,,
Kenya,China,2016,EXPIMP,Animal,858,16596.29,0.87,0.5,1.77,11.3,-25.49,25,25,8,100,0,0,0,25,25,0,31828.75,0,25,25,8,100,0,0,0,25,25,0,31828.75,0
Kenya,Cameroon,2016,EXPIMP,Animal,1.43,0.1,0.24,0.1,,,,,,,,,,,,,,,,,,,,,,,,,,,
Kenya,Colombia,2016,EXPIMP,Animal,4.73,0.44,0.62,0.14,,,,25,25,1,100,0,0,0,25,25,0,0.07,0,25,25,1,100,0,0,0,25,25,0,0.07,0
Kenya,Czech Republic,2016,EXPIMP,Animal,6.9,36.02,0.92,0.11,0.5,1.75,31.22,12.5,0.8,2,50,50,0,0,25,0,0,0.67,20.34,12.5,0.8,2,50,50,0,0,25,0,0,0.67,20.34
Kenya,Germany,2016,EXPIMP,Animal,86.71,2197.95,0.07,0.51,0.18,2.53,-28.35,27.86,22.41,7,71.43,28.57,0,0,60,0,0,2268.69,266.74,27.86,22.41,7,71.43,28.57,0,0,60,0,0,2268.69,266.74
Kenya,Denmark,2016,EXPIMP,Animal,13.38,262.12,0.21,0.63,0.89,3.41,328.13,43.33,38.81,15,80,20,0,0,60,0,0,206.6,33.65,43.33,38.81,15,80,20,0,0,60,0,0,206.6,33.65
Kenya,"Egypt, Arab Rep.",2016,EXPIMP,Animal,534.91,194.45,0.26,0.07,0.04,-7.61,317.53,0,0,8,0,100,0,0,0,0,0,0,158.7,42.5,47.95,8,100,0,0,0,60,25,0,158.7,0
Kenya,Spain,2016,EXPIMP,Animal,573.7,289.79,2.53,0.27,0.58,3.69,-23.8,26.67,16.91,12,83.33,16.67,0,0,60,0,0,445.53,215.72,26.67,16.91,12,83.33,16.67,0,0,60,0,0,445.53,215.72
Kenya,France,2016,EXPIMP,Animal,923.23,336.38,1.41,0.16,0.81,0.27,-5.5,31.25,21.81,16,81.25,18.75,0,0,60,0,0,413.42,507.44,31.25,21.81,16,81.25,18.75,0,0,60,0,0,413.42,507.44
Kenya,United Kingdom,2016,EXPIMP,Animal,583.66,884.86,0.16,0.27,0.15,-2.8,18.63,30.31,44.57,16,81.25,18.75,0,0,60,0,0,752.82,143.58,30.31,44.57,16,81.25,18.75,0,0,60,0,0,752.82,143.58
Kenya,Greece,2016,EXPIMP,Animal,102.97,0.31,3.55,0,3.58,1.78,5.96,60,60,2,100,0,0,0,60,60,0,4.99,0,60,60,2,100,0,0,0,60,60,0,4.99,0
Kenya,"Hong Kong, China",2016,EXPIMP,Animal,1769.37,8.7,13.09,0.01,24.52,2.9,-14.14,12.5,12.5,2,50,50,0,0,25,0,0,5.68,0,12.5,12.5,2,50,50,0,0,25,0,0,5.68,0
Kenya,India,2016,EXPIMP,Animal,128.48,260.83,0.11,0.01,4.05,-1.84,77.88,24.83,24.97,18,83.33,16.67,0,0,60,0,0,643.37,0,24.83,24.97,18,83.33,16.67,0,0,60,0,0,643.37,0
Kenya,Ireland,2016,EXPIMP,Animal,0.92,478.7,0.01,0.7,0.01,-4.11,-34.15,42.5,51.76,4,100,0,0,0,60,25,0,573.77,0,42.5,51.76,4,100,0,0,0,60,25,0,573.77,0
Kenya,"Iran, Islamic Rep.",2016,EXPIMP,Animal,8.21,55.65,0.05,0.09,,,,,,,,,,,,,,,,,,,,,,,,,,,
Kenya,Israel,2016,EXPIMP,Animal,2932.76,22.07,27.96,0.04,27.72,9.74,-35.02,25,25,1,100,0,0,0,25,25,0,1,0,25,25,1,100,0,0,0,25,25,0,1,0
Kenya,Italy,2016,EXPIMP,Animal,3302.02,386.72,8.97,0.17,2.04,0.55,15.47,37.5,46.6,14,100,0,0,0,60,25,0,1050.47,0,37.5,46.6,14,100,0,0,0,60,25,0,1050.47,0
Kenya,Jordan,2016,EXPIMP,Animal,0.3,0.05,0,0,,,,25,25,1,100,0,0,0,25,25,0,67.65,0,25,25,1,100,0,0,0,25,25,0,67.65,0
Kenya,Japan,2016,EXPIMP,Animal,18.4,912.57,0.05,0.11,0.51,2.11,-19.92,25,25,1,100,0,0,0,25,25,0,672.47,0,25,25,1,100,0,0,0,25,25,0,672.47,0
Kenya,"Korea, Rep.",2016,EXPIMP,Animal,1.25,5.42,0.01,0,0.01,2.09,6.58,25,25,3,100,0,0,0,25,25,0,158.91,0,25,25,3,100,0,0,0,25,25,0,158.91,0
Kenya,Liberia,2016,EXPIMP,Animal,3.77,0.61,2.09,0.38,,,,,,,,,,,,,,,,,,,,,,,,,,,
Kenya,Sri Lanka,2016,EXPIMP,Animal,0.45,1,0.02,0.01,0.11,3.44,-51.04,42.5,32.64,2,100,0,0,0,60,25,0,0.99,0,42.5,32.64,2,100,0,0,0,60,25,0,0.99,0
Kenya,Morocco,2016,EXPIMP,Animal,0.35,6.33,0.01,0.02,,,,,,,,,,,,,,,,,,,,,,,,,,,
Kenya,Mauritius,2016,EXPIMP,Animal,87.28,237.4,0.91,0.47,0.02,7.98,-79.34,0,0,4,0,100,0,0,0,0,0,0,184.82,18.75,21.74,4,75,25,0,0,25,0,0,160.7,24.12
Kenya,Malaysia,2016,EXPIMP,Animal,3.26,29.17,0.03,0.02,0.03,-4.32,-81.62,46,59.97,5,100,0,0,0,60,25,0,2061.48,0,46,59.97,5,100,0,0,0,60,25,0,2061.48,0
Kenya,Nigeria,2016,EXPIMP,Animal,7.88,0.05,0.03,0,0,,,,,,,,,,,,,,,,,,,,,,,,,,
Kenya,Netherlands,2016,EXPIMP,Animal,4100.91,1953.08,0.96,1.2,0.37,0.1,-7.95,29.5,25.12,30,90,10,0,0,60,0,0,1354,1151.4,29.5,25.12,30,90,10,0,0,60,0,0,1354,1151.4
Kenya,Norway,2016,EXPIMP,Animal,0.29,249.75,0,1.68,0.01,0.83,-33.84,25,25,18,100,0,0,0,25,25,0,1453.63,0,25,25,18,100,0,0,0,25,25,0,1453.63,0
Kenya,New Zealand,2016,EXPIMP,Animal,0,574.38,,9.42,,,,48.33,56.31,3,100,0,0,0,60,25,0,468.67,0,48.33,56.31,3,100,0,0,0,60,25,0,468.67,0
Kenya,"Other Asia, nes",2016,EXPIMP,Animal,118.41,7.85,0.47,0.01,0.22,-0.16,60.51,,,,,,,,,,,,,,,,,,,,,,,,
Kenya,Oman,2016,EXPIMP,Animal,2433.53,45.22,21.24,0.08,4.57,-1.26,-15.84,42.5,59.99,4,100,0,0,0,60,25,0,2240.43,0,42.5,59.99,4,100,0,0,0,60,25,0,2240.43,0
Kenya,Panama,2016,EXPIMP,Animal,3.7,73.23,14.98,0.75,,,,,,,,,,,,,,,,,,,,,,,,,,,
Kenya,Poland,2016,EXPIMP,Animal,8.65,132.06,0.05,0.22,0.08,4.21,-19.4,32,25,5,100,0,0,0,60,25,0,130.41,0,32,25,5,100,0,0,0,60,25,0,130.41,0
Kenya,Saudi Arabia,2016,EXPIMP,Animal,5279.58,52.49,7.96,0.01,2.05,-8.68,14.14,,,,,,,,,,,,,,,,,,,,,,,,
Kenya,Singapore,2016,EXPIMP,Animal,128.14,16.07,3.64,0.02,14.86,-2.44,0.56,32,25.13,5,100,0,0,0,60,25,0,29.79,0,32,25.13,5,100,0,0,0,60,25,0,29.79,0
Kenya,Somalia,2016,EXPIMP,Animal,1421.93,19.86,0.8,3.81,,,,,,,,,,,,,,,,,,,,,,,,,,,
Kenya,Sudan,2016,EXPIMP,Animal,900.43,0.26,1.7,0.01,1.52,-20.35,12.56,,,,,,,,,,,,,,,,,,,,,,,,
Kenya,Thailand,2016,EXPIMP,Animal,58.22,31.34,0.34,0.03,4.33,3.88,44.19,,,,,,,,,,,,,,,,,,,,,,,,
Kenya,Turkey,2016,EXPIMP,Animal,159.83,455.73,0.72,0.35,2.47,7.68,51.43,60,60,1,100,0,0,0,60,60,0,276,0,60,60,1,100,0,0,0,60,60,0,276,0
Kenya,Tanzania,2016,EXPIMP,Animal,8225.64,2641.05,2.4,2.09,6.56,6.17,-8.96,0,0,37,0,100,0,0,0,0,0,0,2802.91,22.06,23.41,37,78.38,21.62,0,0,60,0,0,2729.45,73.45
Kenya,Uganda,2016,EXPIMP,Animal,2505.91,25453.23,0.41,13.4,4.43,-12.82,-11.56,,,,,,,,,,,,,,,,,,,,,,,,
Kenya,Ukraine,2016,EXPIMP,Animal,18.61,10.97,0.41,0.03,0.07,,,,,,,,,,,,,,,,,,,,,,,,,,
Kenya,United States,2016,EXPIMP,Animal,216.27,571.04,0.05,0.12,0.11,-2.33,-18.74,22.5,13.11,10,90,10,0,0,25,0,0,490.15,444.35,22.5,13.11,10,90,10,0,0,25,0,0,490.15,444.35
Kenya,Vietnam,2016,EXPIMP,Animal,1744.1,360.6,27.72,0.62,2.65,-1.28,158.51,,,,,,,,,,,,,,,,,,,,,,,,
Kenya, World,2016,EXPIMP,Animal,63649.8,57279.94,1.12,0.41,1.01,0.79,-7.65,26.94,29.82,373,76.14,23.86,0,0,60,0,0,56322.6,6289.35,25.83,31.06,347,95.68,4.32,0,0,60,0,0,59382.43,3229.52
Kenya,Yemen,2016,EXPIMP,Animal,2.83,0,0.01,0.01,,,,,,,,,,,,,,,,,,,,,,,,,,,
Kenya,South Africa,2016,EXPIMP,Animal,540.1,632.04,1.32,0.13,1.5,-3.35,-26.19,27.59,23.63,40,82.5,17.5,0,0,60,0,0,1634.57,148.22,27.59,23.63,40,82.5,17.5,0,0,60,0,0,1634.57,148.22
Kenya,Zambia,2016,EXPIMP,Animal,3.06,0.3,0.01,0,0,-6.91,-45.94,,,,,,,,,,,,,,,,,,,,,,,,
Kenya,Zimbabwe,2016,EXPIMP,Animal,201.71,11.6,2.24,0.09,0.01,-17.13,-74.58,0,0,1,0,100,0,0,0,0,0,0,9.01,25,25,1,100,0,0,0,25,25,0,9.01,0
Kenya,East Asia & Pacific,2016,EXPIMP,Animal,4983.47,18622.95,1.69,0.36,,,,33.67,27.45,33,93.94,6.06,0,0,60,0,0,35332.89,5.82,30.73,27.45,25,92,8,0,0,60,0,0,35332.89,5.82
Kenya,Europe & Central Asia,2016,EXPIMP,Animal,11388.44,7947.17,0.81,0.3,,,,32.41,29.97,159,88.68,11.32,0,0,60,0,0,9199.13,2338.86,28.02,29.97,86,90.7,9.3,0,0,60,0,0,9199.13,2338.86
Kenya,Latin America & Caribbean,2016,EXPIMP,Animal,13.67,76.94,0.04,0.08,,,,25,25,4,100,0,0,0,25,25,0,58.46,0,25,25,2,100,0,0,0,25,25,0,58.46,0
Kenya,Middle East & North Africa,2016,EXPIMP,Animal,26048.95,549.17,3.61,0.02,,,,29.03,52.51,55,81.82,18.18,0,0,60,0,0,8956.91,163.06,33.5,53.34,46,95.65,4.35,0,0,60,0,0,9115.62,4.36
Kenya,North America,2016,EXPIMP,Animal,327.89,817.53,0.07,0.15,,,,20.45,10.89,11,81.82,18.18,0,0,25,0,0,490.15,634.68,22.5,10.89,10,90,10,0,0,25,0,0,490.15,634.68
Kenya,South Asia,2016,EXPIMP,Animal,132.24,261.84,0.02,0.01,,,,26.81,24.98,21,85.71,14.29,0,0,60,0,0,649.93,0,26.81,24.98,21,85.71,14.29,0,0,60,0,0,649.93,0
Kenya,Sub-Saharan Africa,2016,EXPIMP,Animal,19550.46,28996.24,0.96,2.79,,,,13.2,8.81,90,40,60,0,0,60,0,0,1635.13,3146.93,25.83,23.43,70,84.29,15.71,0,0,60,0,0,4536.25,245.81
Kenya,United Arab Emirates,2018,EXPIMP,Animal,25888.87,109.53,7.49,0.01,4.63,1.81,4.18,33.92,55.4,51,100,0,0,0,60,25,0,11507.22,0,33.92,55.4,51,100,0,0,0,60,25,0,11507.22,0
Kenya,Argentina,2018,EXPIMP,Animal,0,20.88,,0.02,,,,,,,,,,,,,,,,,,,,,,,,,,,
Kenya,Australia,2018,EXPIMP,Animal,311.28,99.41,1.1,0.16,1.03,1.39,-22.91,12.5,24.16,2,50,50,0,0,25,0,0,94.16,3.28,12.5,24.16,2,50,50,0,0,25,0,0,94.16,3.28
Kenya,Austria,2018,EXPIMP,Animal,3.57,22.42,0.27,0.09,0.12,2.36,-7.42,40,52.51,3,66.67,33.33,0,0,60,0,0,65.12,9.29,40,52.51,3,66.67,33.33,0,0,60,0,0,65.12,9.29
Kenya,Belgium,2018,EXPIMP,Animal,396,476.71,0.63,0.3,,,,33.59,56.04,17,88.24,11.76,0,0,60,0,0,2982.91,38.68,33.59,56.04,17,88.24,11.76,0,0,60,0,0,2982.91,38.68
Kenya,Bangladesh,2018,EXPIMP,Animal,25.07,0.45,0.67,0,,,,,,,,,,,,,,,,,,,,,,,,,,,
Kenya,Bulgaria,2018,EXPIMP,Animal,0.54,0.18,0.11,0,0.26,,,,,,,,,,,,,,,,,,,,,,,,,,
Kenya,Brazil,2018,EXPIMP,Animal,10.74,71.59,1.25,0.08,8.03,-1.76,156.83,20.83,25,4,75,25,0,0,25,0,0,545.32,0,20.83,25,4,75,25,0,0,25,0,0,545.32,0
Kenya,Canada,2018,EXPIMP,Animal,111.08,216.81,0.36,0.25,0.41,0.43,-14.67,0,0,1,0,100,0,0,0,0,0,0,238.02,0,0,1,0,100,0,0,0,0,0,0,238.02
Kenya,Switzerland,2018,EXPIMP,Animal,3.45,9.65,0.01,0.01,0.02,2.14,-23.54,,,,,,,,,,,,,,,,,,,,,,,,
Kenya,Chile,2018,EXPIMP,Animal,0,23.02,,0.2,,,,25,25,1,100,0,0,0,25,25,0,21.84,0,25,25,1,100,0,0,0,25,25,0,21.84,0
Kenya,China,2018,EXPIMP,Animal,2244.31,25151.26,2.04,0.69,1.95,11.14,31.08,,,,,,,,,,,,,,,,,,,,,,,,
Kenya,Germany,2018,EXPIMP,Animal,132.91,1537.42,0.12,0.33,0.2,2.6,18.23,21.04,21.1,10,60,40,0,0,60,0,0,1007.01,193.51,21.04,21.1,10,60,40,0,0,60,0,0,1007.01,193.51
Kenya,Djibouti,2018,EXPIMP,Animal,16.9,0.22,0.27,2.28,,,,,,,,,,,,,,,,,,,,,,,,,,,
Kenya,Denmark,2018,EXPIMP,Animal,10.67,84.11,0.12,0.2,0.19,1.68,-49.56,45.42,45.07,12,100,0,0,0,60,25,0,481.9,0,45.42,45.07,12,100,0,0,0,60,25,0,481.9,0
Kenya,"Egypt, Arab Rep.",2018,EXPIMP,Animal,315.38,380.96,0.16,0.11,0.03,9.08,40.37,,,,,,,,,,,,,,,,,,,,,,,,
Kenya,Spain,2018,EXPIMP,Animal,794.18,1253.58,1.81,1.2,0.17,2.35,5.14,20.83,21.36,6,83.33,16.67,0,0,25,0,0,992.38,169.24,20.83,21.36,6,83.33,16.67,0,0,25,0,0,992.38,169.24
Kenya,France,2018,EXPIMP,Animal,677.69,380.27,0.84,0.16,0.82,3.07,19.72,34.89,30.78,23,86.96,13.04,0,0,60,0,0,421.99,99.06,34.89,30.78,23,86.96,13.04,0,0,60,0,0,421.99,99.06
Kenya,United Kingdom,2018,EXPIMP,Animal,802.15,1280.58,0.2,0.41,0.12,2.83,2.28,32.94,21.15,17,82.35,17.65,0,0,60,0,0,666.88,1024.72,32.94,21.15,17,82.35,17.65,0,0,60,0,0,666.88,1024.72
Kenya,Georgia,2018,EXPIMP,Animal,0,0.06,,0.06,,,,,,,,,,,,,,,,,,,,,,,,,,,
Kenya,"Hong Kong, China",2018,EXPIMP,Animal,4110.41,1.47,5.96,0,22.13,1.36,14.79,,,,,,,,,,,,,,,,,,,,,,,,
Kenya,Croatia,2018,EXPIMP,Animal,6.25,0.36,0.59,0.01,,,,,,,,,,,,,,,,,,,,,,,,,,,
Kenya,Indonesia,2018,EXPIMP,Animal,0.89,0.99,0.01,0,,,,25,25,1,100,0,0,0,25,25,0,0.25,0,25,25,1,100,0,0,0,25,25,0,0.25,0
Kenya,India,2018,EXPIMP,Animal,68.07,299.84,0.08,0.02,1.09,16.75,20.61,30.98,24.54,24,91.67,8.33,0,0,60,0,0,489.04,26.9,30.98,24.54,24,91.67,8.33,0,0,60,0,0,489.04,26.9
Kenya,Ireland,2018,EXPIMP,Animal,0,1058.06,,1.61,,,,39.38,59.64,5,80,20,0,0,60,0,0,752.49,0,39.38,59.64,5,80,20,0,0,60,0,0,752.49,0
Kenya,"Iran, Islamic Rep.",2018,EXPIMP,Animal,0,1.93,,0,,,,,,,,,,,,,,,,,,,,,,,,,,,
Kenya,Israel,2018,EXPIMP,Animal,4107.08,3.06,45.12,0,29.48,2.07,24.25,0,0,1,0,100,0,0,0,0,0,0,6,0,0,1,0,100,0,0,0,0,0,0,6
Kenya,Italy,2018,EXPIMP,Animal,5903.63,137.43,15.07,0.05,1.23,2.05,0.75,31.41,43.59,17,88.24,11.76,0,0,60,0,0,978.58,55.49,31.41,43.59,17,88.24,11.76,0,0,60,0,0,978.58,55.49
Kenya,Jordan,2018,EXPIMP,Animal,0,44.41,,0.31,,,,,,,,,,,,,,,,,,,,,,,,,,,
Kenya,"Korea, Rep.",2018,EXPIMP,Animal,222.96,773.7,0.8,0.41,0.02,7.12,38.25,33.75,25.06,4,100,0,0,0,60,25,0,1185.94,0,33.75,25.06,4,100,0,0,0,60,25,0,1185.94,0
Kenya,Lebanon,2018,EXPIMP,Animal,0,34.76,,1.13,,,,,,,,,,,,,,,,,,,,,,,,,,,
Kenya,Sri Lanka,2018,EXPIMP,Animal,0.53,2.07,0.02,0.01,,,,,,,,,,,,,,,,,,,,,,,,,,,
Kenya,Morocco,2018,EXPIMP,Animal,0.25,0.02,0.01,0,,,,,,,,,,,,,,,,,,,,,,,,,,,
Kenya,Mauritius,2018,EXPIMP,Animal,628.45,164.87,5.25,0.27,0.49,-5.13,232.42,0,0,5,0,100,0,0,0,0,0,0,125.69,20,16.97,5,80,20,0,0,25,0,0,85.33,40.35
Kenya,Malaysia,2018,EXPIMP,Animal,3.19,6.58,0.03,0,0.14,2.06,-19.55,42.5,59.94,2,100,0,0,0,60,25,0,1176.3,0,42.5,59.94,2,100,0,0,0,60,25,0,1176.3,0
Kenya,Nigeria,2018,EXPIMP,Animal,12.23,0.62,0.06,0.01,0,-2.42,-71.46,,,,,,,,,,,,,,,,,,,,,,,,
Kenya,Netherlands,2018,EXPIMP,Animal,2892.26,5996.67,0.63,3.14,0.3,2.82,-20.23,34.57,41.3,42,92.86,7.14,0,0,60,0,0,3769.03,943.47,34.57,41.3,42,92.86,7.14,0,0,60,0,0,3769.03,943.47
Kenya,Norway,2018,EXPIMP,Animal,10.97,356.31,0.04,0.91,0.03,2.39,140.84,25,25,18,100,0,0,0,25,25,0,1734.99,0,25,25,18,100,0,0,0,25,25,0,1734.99,0
Kenya,New Zealand,2018,EXPIMP,Animal,0.1,204.61,0,2.43,,,,48.33,50.2,3,100,0,0,0,60,25,0,456.3,0,48.33,50.2,3,100,0,0,0,60,25,0,456.3,0
Kenya,Oman,2018,EXPIMP,Animal,6761.86,137.07,34.25,0.21,3.14,4.63,-27.26,,,,,,,,,,,,,,,,,,,,,,,,
Kenya,Pakistan,2018,EXPIMP,Animal,0.36,2.29,0,0,0,-8.34,-86.47,25,25,3,100,0,0,0,25,25,0,58.8,0,25,25,3,100,0,0,0,25,25,0,58.8,0
Kenya,Philippines,2018,EXPIMP,Animal,4.57,0.74,0.08,0.01,,,,,,,,,,,,,,,,,,,,,,,,,,,
Kenya,Poland,2018,EXPIMP,Animal,19.31,20.49,0.09,0.04,0.06,7.52,-17.55,12.5,0.65,2,50,50,0,0,25,0,0,0.14,5.33,12.5,0.65,2,50,50,0,0,25,0,0,0.14,5.33
Kenya,Portugal,2018,EXPIMP,Animal,3171.23,1.44,63.65,0.01,10.36,8.02,7.25,,,,,,,,,,,,,,,,,,,,,,,,
Kenya,Russian Federation,2018,EXPIMP,Animal,7.57,0.39,0.01,0,0.01,-4.8,134.28,,,,,,,,,,,,,,,,,,,,,,,,
Kenya,Rwanda,2018,EXPIMP,Animal,526.26,316.95,0.3,2.71,0.21,3.25,-2.58,,,,,,,,,,,,,,,,,,,,,,,,
Kenya,Saudi Arabia,2018,EXPIMP,Animal,1928.01,260.68,1.95,0.02,0.88,-1.82,-4.66,,,,,,,,,,,,,,,,,,,,,,,,
Kenya,Singapore,2018,EXPIMP,Animal,17.32,9.04,0.33,0.03,0.49,0.94,-67.6,25,25,4,100,0,0,0,25,25,0,44.66,0,25,25,4,100,0,0,0,25,25,0,44.66,0
Kenya,Somalia,2018,EXPIMP,Animal,1423.78,6.04,0.96,0.07,,,,,,,,,,,,,,,,,,,,,,,,,,,
Kenya,Suriname,2018,EXPIMP,Animal,0,1.25,,0.6,,,,,,,,,,,,,,,,,,,,,,,,,,,
Kenya,Sweden,2018,EXPIMP,Animal,7.51,87.17,0.03,0.12,0.05,4.59,67.41,42.5,27.19,2,100,0,0,0,60,25,0,1.84,0,42.5,27.19,2,100,0,0,0,60,25,0,1.84,0
Kenya,Thailand,2018,EXPIMP,Animal,180.95,8.27,0.25,0,2.39,4.13,6.79,29.38,25,8,100,0,0,0,60,25,0,66.49,0,29.38,25,8,100,0,0,0,60,25,0,66.49,0
Kenya,Turkey,2018,EXPIMP,Animal,63.34,213.03,0.26,0.11,0.78,17.64,-16.03,42.5,25.26,2,100,0,0,0,60,25,0,217.68,0,42.5,25.26,2,100,0,0,0,60,25,0,217.68,0
Kenya,Tanzania,2018,EXPIMP,Animal,4047.71,3463.01,1.38,1.97,4.31,-11.19,-27.23,0,0,33,0,100,0,0,0,0,0,0,11648.74,21.55,24.63,33,81.82,18.18,0,0,25,0,0,11545.95,102.79
Kenya,Uganda,2018,EXPIMP,Animal,5716.48,101130.81,0.94,20.72,3.94,38.18,37.18,0,0,27,0,100,0,0,0,0,0,0,66680.15,34.33,56.79,27,92.59,7.41,0,0,60,0,0,66651.19,28.97
Kenya,Ukraine,2018,EXPIMP,Animal,5.9,83.79,0.11,0.11,0.08,12.07,25.37,,,,,,,,,,,,,,,,,,,,,,,,
Kenya,United States,2018,EXPIMP,Animal,899.1,347.81,0.19,0.07,0.15,1.42,11.2,16.67,6.83,6,66.67,33.33,0,0,25,0,0,197.34,524.75,16.67,6.83,6,66.67,33.33,0,0,25,0,0,197.34,524.75
Kenya,Vietnam,2018,EXPIMP,Animal,9777.41,97.86,48.73,0.22,2.83,,,,,,,,,,,,,,,,,,,,,,,,,,
Kenya, World,2018,EXPIMP,Animal,94818.63,148938.76,1.57,0.86,1.09,2.93,11.42,26.05,12.63,412,73.54,26.46,0,0,60,0,0,30267.39,83818.9,25.86,48.67,336,95.54,4.46,0,0,60,0,0,109947.78,4138.51
Kenya,Yemen,2018,EXPIMP,Animal,0,16.31,,25.58,,,,,,,,,,,,,,,,,,,,,,,,,,,
Kenya,South Africa,2018,EXPIMP,Animal,368.34,385.46,0.85,0.06,1.59,2.92,-12.32,30.48,25.38,32,81.25,18.75,0,0,60,0,0,283.92,112.17,30.48,25.38,32,81.25,18.75,0,0,60,0,0,283.92,112.17
Kenya,Zambia,2018,EXPIMP,Animal,22.92,2138.95,0.04,3.15,0.01,-0.96,-33.77,0,0,6,0,100,0,0,0,0,0,0,1864.43,16.67,18.16,6,66.67,33.33,0,0,25,0,0,1354.01,510.43
Kenya,Zimbabwe,2018,EXPIMP,Animal,166.82,3.04,1.47,0.02,0.06,27.95,294.26,0,0,1,0,100,0,0,0,0,0,0,3.46,25,25,1,100,0,0,0,25,25,0,3.46,0
Kenya,East Asia & Pacific,2018,EXPIMP,Animal,16963.7,26353.93,3.99,0.45,,,,30.77,42.07,26,96.15,3.85,0,0,60,0,0,3078.68,3.28,32.89,42.07,19,94.74,5.26,0,0,60,0,0,3078.68,3.28
Kenya,Europe & Central Asia,2018,EXPIMP,Animal,15623.13,13000.12,1.03,0.45,,,,32.43,37.93,186,88.17,11.83,0,0,60,0,0,14084.08,2544.85,30.13,37.93,85,92.94,7.06,0,0,60,0,0,14084.08,2544.85
Kenya,Latin America & Caribbean,2018,EXPIMP,Animal,11.45,116.74,0.02,0.05,,,,22.5,25,6,83.33,16.67,0,0,25,0,0,567.56,0,22.5,25,6,83.33,16.67,0,0,25,0,0,567.56,0
Kenya,Middle East & North Africa,2018,EXPIMP,Animal,40123.58,988.95,4.78,0.03,,,,33.27,55.37,52,98.08,1.92,0,0,60,0,0,11507.22,6,33.27,55.37,52,98.08,1.92,0,0,60,0,0,11507.22,6
Kenya,North America,2018,EXPIMP,Animal,1010.18,564.61,0.2,0.09,,,,14.29,5.14,7,57.14,42.86,0,0,25,0,0,197.34,762.78,16.67,5.14,6,66.67,33.33,0,0,25,0,0,197.34,762.78
Kenya,South Asia,2018,EXPIMP,Animal,96.29,304.66,0.01,0.01,,,,30.29,24.59,27,92.59,7.41,0,0,60,0,0,547.84,26.9,30.5,24.59,26,92.31,7.69,0,0,60,0,0,547.84,26.9
Kenya,Sub-Saharan Africa,2018,EXPIMP,Animal,20444.33,107609.75,1.1,6.5,,,,9.38,0.12,108,26.85,73.15,0,0,60,0,0,284.67,80475.09,28.08,51.03,77,87.01,12.99,0,0,60,0,0,79965.06,794.71
Kenya,Angola,2019,EXPIMP,Animal,0,0,,0.09,,,,,,,,,,,,,,,,,,,,,,,,,,,
Kenya,United Arab Emirates,2019,EXPIMP,Animal,41890.3,84.5,11.04,0.01,8.32,3.2,29.54,,,,,,,,,,,,,,,,,,,,,,,,
Kenya,Australia,2019,EXPIMP,Animal,181.53,113.81,0.77,0.22,0.65,0.05,-18.94,12.5,18.6,2,50,50,0,0,25,0,0,58.77,20.21,12.5,18.6,2,50,50,0,0,25,0,0,58.77,20.21
Kenya,Austria,2019,EXPIMP,Animal,3.43,151.23,0.39,0.33,0.14,-0.94,9.98,30,57,2,50,50,0,0,60,0,0,65.99,3.47,30,57,2,50,50,0,0,60,0,0,65.99,3.47
Kenya,Belgium,2019,EXPIMP,Animal,408.79,2476.38,0.57,1.77,,,,36.46,58.6,13,84.62,15.38,0,0,60,0,0,4000.35,38.13,36.46,58.6,13,84.62,15.38,0,0,60,0,0,4000.35,38.13
Kenya,Bahrain,2019,EXPIMP,Animal,569.53,1.41,24.3,0.01,4.93,-1.56,42.15,,,,,,,,,,,,,,,,,,,,,,,,
Kenya,Canada,2019,EXPIMP,Animal,413.54,74.48,1.44,0.06,1.42,1.18,95.51,0,0,2,0,100,0,0,0,0,0,0,140.3,0,0,2,0,100,0,0,0,0,0,0,140.3
Kenya,Switzerland,2019,EXPIMP,Animal,5.88,7.41,0.03,0.01,0.03,-2.41,40.93,,,,,,,,,,,,,,,,,,,,,,,,
Kenya,China,2019,EXPIMP,Animal,1268.59,21955.71,0.85,0.61,1.26,20.17,-0.66,,,,,,,,,,,,,,,,,,,,,,,,
Kenya,Czech Republic,2019,EXPIMP,Animal,5.72,15.33,1.1,0.07,0.76,-0.2,0.94,0,0,1,0,100,0,0,0,0,0,0,24.13,0,0,1,0,100,0,0,0,0,0,0,24.13
Kenya,Germany,2019,EXPIMP,Animal,182.88,2395.67,0.17,0.55,0.17,-1.21,-7.14,26,23.78,10,90,10,0,0,60,0,0,958.77,56.38,26,23.78,10,90,10,0,0,60,0,0,958.77,56.38
Kenya,Djibouti,2019,EXPIMP,Animal,48.55,0.11,0.74,0.01,,,,,,,,,,,,,,,,,,,,,,,,,,,
Kenya,Denmark,2019,EXPIMP,Animal,8.17,254.66,0.08,0.67,0.31,0.11,38.54,49.44,47.1,9,88.89,11.11,0,0,60,0,0,426.3,50.27,49.44,47.1,9,88.89,11.11,0,0,60,0,0,426.3,50.27
Kenya,"Egypt, Arab Rep.",2019,EXPIMP,Animal,0.49,626.01,0,0.15,0.01,5.76,-59.3,,,,,,,,,,,,,,,,,,,,,,,,
Kenya,Spain,2019,EXPIMP,Animal,2976.68,1622.21,6.85,1.47,1.41,-2.06,186.4,26,23.55,10,90,10,0,0,60,0,0,1616.07,101.19,26,23.55,10,90,10,0,0,60,0,0,1616.07,101.19
Kenya,Finland,2019,EXPIMP,Animal,0,90.76,,0.25,,,,25,25,1,100,0,0,0,25,25,0,90.38,0,25,25,1,100,0,0,0,25,25,0,90.38,0
Kenya,France,2019,EXPIMP,Animal,473.26,612.12,0.6,0.26,0.78,-2.49,-5.19,34.62,14.22,13,84.62,15.38,0,0,60,0,0,327.53,609.22,34.62,14.22,13,84.62,15.38,0,0,60,0,0,327.53,609.22
Kenya,United Kingdom,2019,EXPIMP,Animal,3805.33,761.29,0.97,0.24,0.19,-2.1,9.44,32.14,11.38,14,78.57,21.43,0,0,60,0,0,350.11,1312.95,32.14,11.38,14,78.57,21.43,0,0,60,0,0,350.11,1312.95
Kenya,"Hong Kong, China",2019,EXPIMP,Animal,2085.99,0.03,12.82,0,25.42,-4.02,-25.98,,,,,,,,,,,,,,,,,,,,,,,,
Kenya,India,2019,EXPIMP,Animal,40.39,336.15,0.08,0.02,0.78,-10.07,-31.63,24.69,23.75,9,77.78,22.22,0,0,60,0,0,442,22.76,24.69,23.75,9,77.78,22.22,0,0,60,0,0,442,22.76
Kenya,Ireland,2019,EXPIMP,Animal,9.42,2925.32,0.06,3,,,,36.67,58.72,3,100,0,0,0,60,25,0,2755.8,0,36.67,58.72,3,100,0,0,0,60,25,0,2755.8,0
Kenya,"Iran, Islamic Rep.",2019,EXPIMP,Animal,0.1,6.08,0,0.01,,,,,,,,,,,,,,,,,,,,,,,,,,,
Kenya,Israel,2019,EXPIMP,Animal,2770.63,2.32,47.77,0,17.07,4.55,-30.14,25,25,1,100,0,0,0,25,25,0,1,0,25,25,1,100,0,0,0,25,25,0,1,0
Kenya,Italy,2019,EXPIMP,Animal,5926.74,74.62,17.39,0.04,1.93,-1.99,11.13,35.88,45.16,17,94.12,5.88,0,0,60,0,0,942.34,34.7,35.88,45.16,17,94.12,5.88,0,0,60,0,0,942.34,34.7
Kenya,Jordan,2019,EXPIMP,Animal,49.79,20.07,0.38,0.18,0.04,,,,,,,,,,,,,,,,,,,,,,,,,,
Kenya,Kazakhstan,2019,EXPIMP,Animal,0.57,0.22,0,0.45,,,,,,,,,,,,,,,,,,,,,,,,,,,
Kenya,"Korea, Rep.",2019,EXPIMP,Animal,245.47,44.14,1.07,0.03,0.08,-0.64,83.23,30.83,25.02,6,100,0,0,0,60,25,0,830.27,0,30.83,25.02,6,100,0,0,0,60,25,0,830.27,0
Kenya,Sri Lanka,2019,EXPIMP,Animal,0,1.01,,0.01,,,,,,,,,,,,,,,,,,,,,,,,,,,
Kenya,Morocco,2019,EXPIMP,Animal,0.69,0.05,0.02,0,0.05,,,,,,,,,,,,,,,,,,,,,,,,,,
Kenya,Madagascar,2019,EXPIMP,Animal,0,2.37,,0.01,0.01,,,0,0,1,0,100,0,0,0,0,0,0,2.08,25,25,1,100,0,0,0,25,25,0,2.08,0
Kenya,Malta,2019,EXPIMP,Animal,69.63,0.18,10.24,0.01,0.27,,,,,,,,,,,,,,,,,,,,,,,,,,
Kenya,Malaysia,2019,EXPIMP,Animal,13.94,14.94,0.13,0.01,0.19,0.32,225.44,42.5,59.99,2,100,0,0,0,60,25,0,1517.98,0,42.5,59.99,2,100,0,0,0,60,25,0,1517.98,0
Kenya,Namibia,2019,EXPIMP,Animal,0.49,0.19,0.04,0.04,0.01,-4.01,-57.08,,,,,,,,,,,,,,,,,,,,,,,,
Kenya,Netherlands,2019,EXPIMP,Animal,2760.16,4784.74,0.59,1.55,0.45,-1.75,17.31,32.3,40.5,50,94,6,0,0,60,0,0,4831.73,1694.08,32.3,40.5,50,94,6,0,0,60,0,0,4831.73,1694.08
Kenya,Norway,2019,EXPIMP,Animal,0.61,289.45,0,1.75,0.02,-1.16,-16.06,25,25,13,100,0,0,0,25,25,0,1687.34,0,25,25,13,100,0,0,0,25,25,0,1687.34,0
Kenya,New Zealand,2019,EXPIMP,Animal,0,419.64,,7.36,,,,30,58.97,2,50,50,0,0,60,0,0,304.56,5.3,30,58.97,2,50,50,0,0,60,0,0,304.56,5.3
Kenya,"Other Asia, nes",2019,EXPIMP,Animal,101.16,425.35,2.06,0.3,0.4,1.45,-4.28,,,,,,,,,,,,,,,,,,,,,,,,
Kenya,Oman,2019,EXPIMP,Animal,5931.09,116.23,28.33,0.13,1.82,0.82,-16.38,,,,,,,,,,,,,,,,,,,,,,,,
Kenya,Pakistan,2019,EXPIMP,Animal,28.11,46.26,0.01,0.02,0,-10.46,-2.35,25,25,2,100,0,0,0,25,25,0,33,0,25,25,2,100,0,0,0,25,25,0,33,0
Kenya,Philippines,2019,EXPIMP,Animal,14.28,0.34,0.64,0,0.06,,,25,25,1,100,0,0,0,25,25,0,0.8,0,25,25,1,100,0,0,0,25,25,0,0.8,0
Kenya,Poland,2019,EXPIMP,Animal,11.56,1.63,0.04,0,0.11,-0.12,35.18,25,25,1,100,0,0,0,25,25,0,85,0,25,25,1,100,0,0,0,25,25,0,85,0
Kenya,Romania,2019,EXPIMP,Animal,131.33,0.02,3.22,0,1.63,2.87,465.72,25,25,1,100,0,0,0,25,25,0,1.84,0,25,25,1,100,0,0,0,25,25,0,1.84,0
Kenya,Rwanda,2019,EXPIMP,Animal,600.12,14.72,0.26,0.11,0.22,-4.34,16.27,0,0,6,0,100,0,0,0,0,0,0,54.59,42.5,57.19,6,100,0,0,0,60,25,0,54.59,0
Kenya,Saudi Arabia,2019,EXPIMP,Animal,4139.21,231.91,4.74,0.02,1.78,2.49,47.84,,,,,,,,,,,,,,,,,,,,,,,,
Kenya,Singapore,2019,EXPIMP,Animal,4.31,18.21,0.02,0.03,0.39,-1.8,-11.09,33.75,33.02,4,100,0,0,0,60,25,0,65.65,0,33.75,33.02,4,100,0,0,0,60,25,0,65.65,0
Kenya,Somalia,2019,EXPIMP,Animal,1053.67,32.37,0.91,0.75,,,,,,,,,,,,,,,,,,,,,,,,,,,
Kenya,Sweden,2019,EXPIMP,Animal,3.82,51.37,0.02,0.09,0.05,-3.15,-7.96,25,25,1,100,0,0,0,25,25,0,0.53,0,25,25,1,100,0,0,0,25,25,0,0.53,0
Kenya,Seychelles,2019,EXPIMP,Animal,113.02,25.05,5.57,23.85,0.4,-15.38,13.83,0,0,1,0,100,0,0,0,0,0,0,23.74,25,25,1,100,0,0,0,25,25,0,23.74,0
Kenya,Thailand,2019,EXPIMP,Animal,779.71,15.56,2.87,0.01,2.14,-7.76,4.24,33.75,25.01,4,100,0,0,0,60,25,0,63.83,0,33.75,25.01,4,100,0,0,0,60,25,0,63.83,0
Kenya,Tunisia,2019,EXPIMP,Animal,0,23.14,,0.78,,,,60,60,1,100,0,0,0,60,60,0,15,0,60,60,1,100,0,0,0,60,60,0,15,0
Kenya,Turkey,2019,EXPIMP,Animal,60.79,228.24,0.46,0.12,0.79,-31.23,-30.51,42.5,25.09,4,100,0,0,0,60,25,0,331.13,0,42.5,25.09,4,100,0,0,0,60,25,0,331.13,0
Kenya,Tanzania,2019,EXPIMP,Animal,2220.58,13442.62,0.67,4.98,3.95,-19.93,-22.78,,,,,,,,,,,,,,,,,,,,,,,,
Kenya,Uganda,2019,EXPIMP,Animal,6975.47,132792.3,1.12,39.51,3.69,0.4,10.91,,,,,,,,,,,,,,,,,,,,,,,,
Kenya,Ukraine,2019,EXPIMP,Animal,0.4,76,0.01,0.11,0.04,8.04,-27.24,,,,,,,,,,,,,,,,,,,,,,,,
Kenya,United States,2019,EXPIMP,Animal,880.42,337.62,0.17,0.06,0.15,0.8,3.02,27.5,14.79,4,75,25,0,0,60,0,0,171.05,324.39,27.5,14.79,4,75,25,0,0,60,0,0,171.05,324.39
Kenya,Vietnam,2019,EXPIMP,Animal,6938.79,189.45,45.31,0.49,,,,25,25,3,100,0,0,0,25,25,0,284.45,0,25,25,3,100,0,0,0,25,25,0,284.45,0
Kenya, World,2019,EXPIMP,Animal,115723.23,189807.69,1.98,1.1,1.09,0.94,2.72,28.32,34.91,286,82.52,17.48,0,0,60,0,0,24369.67,7111.68,25.86,36.68,336,95.54,4.46,0,0,60,0,0,26527.71,4953.64
Kenya,South Africa,2019,EXPIMP,Animal,397.45,88.57,1.23,0.01,1.3,-6.41,-13.37,26.91,16.29,42,83.33,16.67,0,0,60,0,0,186.94,79.61,26.91,16.29,42,83.33,16.67,0,0,60,0,0,186.94,79.61
Kenya,Zambia,2019,EXPIMP,Animal,4.16,1484.36,0.01,2.27,0,0.69,-63.42,0,0,5,0,100,0,0,0,0,0,0,2508.86,15,20.65,5,60,40,0,0,25,0,0,2072.32,436.54
Kenya,Zimbabwe,2019,EXPIMP,Animal,246.84,1.78,2.57,0,,,,0,0,1,0,100,0,0,0,0,0,0,2.91,25,25,1,100,0,0,0,25,25,0,2.91,0
Kenya,East Asia & Pacific,2019,EXPIMP,Animal,14754.81,22771.83,3.82,0.39,,,,30.21,45.2,24,91.67,8.33,0,0,60,0,0,3126.31,25.51,32.89,45.2,19,94.74,5.26,0,0,60,0,0,3126.31,25.51
Kenya,Europe & Central Asia,2019,EXPIMP,Animal,20030.3,16818.67,1.35,0.58,,,,32.44,39.51,168,90.48,9.52,0,0,60,0,0,18483.18,3924.52,29.91,39.51,83,95.18,4.82,0,0,60,0,0,18483.18,3924.52
Kenya,Middle East & North Africa,2019,EXPIMP,Animal,58101.75,1112,6.86,0.03,,,,42.5,57.81,2,100,0,0,0,60,25,0,16,0,42.5,57.81,2,100,0,0,0,60,25,0,16,0
Kenya,North America,2019,EXPIMP,Animal,1293.97,412.1,0.24,0.06,,,,18.33,11.53,6,50,50,0,0,60,0,0,171.05,464.69,22,11.53,5,60,40,0,0,60,0,0,171.05,464.69
Kenya,South Asia,2019,EXPIMP,Animal,76.42,383.42,0.01,0.02,,,,24.75,23.83,11,81.82,18.18,0,0,60,0,0,475,22.76,24.75,23.83,11,81.82,18.18,0,0,60,0,0,475,22.76
Kenya,Sub-Saharan Africa,2019,EXPIMP,Animal,20495.07,147884.34,1.06,8.59,,,,18.46,2.95,72,62.5,37.5,0,0,60,0,0,413.46,2674.19,27.33,20.99,59,84.75,15.25,0,0,60,0,0,2571.5,516.15
Kenya,Angola,2020,EXPIMP,Animal,0.19,0.03,0.01,0.02,,,,60,60,1,100,0,0,0,60,60,0,0.03,0,60,60,1,100,0,0,0,60,60,0,0.03,0
Kenya,United Arab Emirates,2020,EXPIMP,Animal,32326.67,156.26,9.99,0.02,10.79,-6.19,5.2,37.35,30.12,17,100,0,0,0,60,25,0,156.26,0,37.35,30.12,17,100,0,0,0,60,25,0,156.26,0
Kenya,Argentina,2020,EXPIMP,Animal,0.53,47.93,2.2,0.03,8.3,,,25,25,1,100,0,0,0,25,25,0,47.93,0,25,25,1,100,0,0,0,25,25,0,47.93,0
Kenya,Australia,2020,EXPIMP,Animal,94.65,48.08,0.43,0.07,0.58,-2.47,-15.28,48.33,25.16,3,100,0,0,0,60,25,0,48.08,0,48.33,25.16,3,100,0,0,0,60,25,0,48.08,0
Kenya,Austria,2020,EXPIMP,Animal,1.45,81.69,0.11,0.31,0.1,-3.8,-27.4,60,60,3,100,0,0,0,60,60,0,81.69,0,60,60,3,100,0,0,0,60,60,0,81.69,0
Kenya,Burundi,2020,EXPIMP,Animal,164.87,0.01,0.3,0,0.46,23.95,518.88,0,0,3,0,100,0,0,0,0,0,0,0.01,60,60,3,100,0,0,0,60,60,0,0.01,0
Kenya,Belgium,2020,EXPIMP,Animal,1452.63,4462.3,2.25,2.56,0.32,,,39.26,57.6,18,88.89,11.11,0,0,60,0,0,4331.08,131.22,39.26,57.6,18,88.89,11.11,0,0,60,0,0,4331.08,131.22
Kenya,Bangladesh,2020,EXPIMP,Animal,0,4.47,,0.03,,,,25,25,1,100,0,0,0,25,25,0,4.47,0,25,25,1,100,0,0,0,25,25,0,4.47,0
Kenya,Brazil,2020,EXPIMP,Animal,4.29,0.47,1.91,0,31.76,-7.4,61.35,25,25,1,100,0,0,0,25,25,0,0.47,0,25,25,1,100,0,0,0,25,25,0,0.47,0
Kenya,Canada,2020,EXPIMP,Animal,162.9,138.29,1.39,0.14,0.5,0.41,-43.56,0,0,1,0,100,0,0,0,0,0,0,138.29,0,0,1,0,100,0,0,0,0,0,0,138.29
Kenya,Switzerland,2020,EXPIMP,Animal,2.79,13.14,0.01,0.02,0.06,2.48,41.55,25,25,1,100,0,0,0,25,25,0,13.14,0,25,25,1,100,0,0,0,25,25,0,13.14,0
Kenya,China,2020,EXPIMP,Animal,1366.83,15159.2,0.98,0.45,1.04,11.2,-7.24,26.35,25,26,100,0,0,0,60,25,0,15155.63,0,26.35,25,26,100,0,0,0,60,25,0,15155.63,0
Kenya,Czech Republic,2020,EXPIMP,Animal,2.09,13.86,0.27,0.04,0.2,-1.45,-46.23,0,0,1,0,100,0,0,0,0,0,0,13.86,0,0,1,0,100,0,0,0,0,0,0,13.86
Kenya,Germany,2020,EXPIMP,Animal,87,2203.71,0.06,0.58,0.18,-1.57,9.79,44.17,44.62,16,81.25,18.75,0,0,60,0,0,2104.1,99.4,44.17,44.62,16,81.25,18.75,0,0,60,0,0,2104.1,99.4
Kenya,Djibouti,2020,EXPIMP,Animal,46.71,28.37,0.68,64.84,,,,0,0,3,0,100,0,0,0,0,0,0,28.37,25,25,3,100,0,0,0,25,25,0,28.37,0
Kenya,Denmark,2020,EXPIMP,Animal,2.81,311.39,0.03,0.84,0.05,-0.88,-52.99,43.33,36.75,12,91.67,8.33,0,0,60,0,0,246.29,65.11,43.33,36.75,12,91.67,8.33,0,0,60,0,0,246.29,65.11
Kenya,"Egypt, Arab Rep.",2020,EXPIMP,Animal,0,730.92,,0.17,,,,0,0,8,0,100,0,0,0,0,0,0,730.92,42.5,37.38,8,100,0,0,0,60,25,0,730.92,0
Kenya,Spain,2020,EXPIMP,Animal,2662.46,2111.35,5.27,2.23,0.32,-4.01,-45.4,26.67,23.77,6,83.33,16.67,0,0,60,0,0,2005.68,105.67,26.67,23.77,6,83.33,16.67,0,0,60,0,0,2005.68,105.67
Kenya,Ethiopia(excludes Eritrea),2020,EXPIMP,Animal,2209.24,3.79,2.99,0.05,16.48,25.61,-14.79,1,1,1,100,0,0,0,1,1,0,3.79,0,10,10,1,100,0,0,0,10,10,0,3.79,0
Kenya,Finland,2020,EXPIMP,Animal,0.1,281.78,0,0.57,,,,25,25,1,100,0,0,0,25,25,0,281.78,0,25,25,1,100,0,0,0,25,25,0,281.78,0
Kenya,France,2020,EXPIMP,Animal,570.32,553.41,0.66,0.25,0.31,-2.08,-38.91,29.09,19.97,11,90.91,9.09,0,0,60,0,0,253,300.41,29.09,19.97,11,90.91,9.09,0,0,60,0,0,253,300.41
Kenya,United Kingdom,2020,EXPIMP,Animal,1738.63,358.73,0.37,0.13,0.25,-2.92,24.43,37.4,10.7,25,84,16,0,0,60,0,0,80.65,278.08,37.4,10.7,25,84,16,0,0,60,0,0,80.65,278.08
Kenya,Ghana,2020,EXPIMP,Animal,33.14,0.57,0.39,0.03,,,,25,25,3,100,0,0,0,25,25,0,0.57,0,25,25,3,100,0,0,0,25,25,0,0.57,0
Kenya,Greece,2020,EXPIMP,Animal,210.05,0.02,5.38,0,1.55,-5.68,13.45,60,60,1,100,0,0,0,60,60,0,0.02,0,60,60,1,100,0,0,0,60,60,0,0.02,0
Kenya,Croatia,2020,EXPIMP,Animal,0.42,1.16,0.24,0.12,0.22,-6.31,-62.87,60,60,1,100,0,0,0,60,60,0,1.16,0,60,60,1,100,0,0,0,60,60,0,1.16,0
Kenya,Hungary,2020,EXPIMP,Animal,0.78,34.25,0.1,0.37,0.22,-2.87,-12.7,0,0,1,0,100,0,0,0,0,0,0,34.25,0,0,1,0,100,0,0,0,0,0,0,34.25
Kenya,Indonesia,2020,EXPIMP,Animal,3.11,0.07,0.04,0,0.01,-5.83,-2.15,60,60,1,100,0,0,0,60,60,0,0.07,0,60,60,1,100,0,0,0,60,60,0,0.07,0
Kenya,India,2020,EXPIMP,Animal,70.42,325.89,0.1,0.02,3.3,5.2,148.36,30,21.21,9,88.89,11.11,0,0,60,0,0,262.66,63.24,30,21.21,9,88.89,11.11,0,0,60,0,0,262.66,63.24
Kenya,Ireland,2020,EXPIMP,Animal,0.26,530.33,0,1.4,,,,54.17,48.35,6,100,0,0,0,60,25,0,530.33,0,54.17,48.35,6,100,0,0,0,60,25,0,530.33,0
Kenya,"Iran, Islamic Rep.",2020,EXPIMP,Animal,0,63.08,,0.14,,,,51.25,58.41,4,100,0,0,0,60,25,0,63.08,0,51.25,58.41,4,100,0,0,0,60,25,0,63.08,0
Kenya,Israel,2020,EXPIMP,Animal,1852.33,6.07,31.62,0.01,17.74,-0.83,-15.18,25,25,2,100,0,0,0,25,25,0,6.07,0,25,25,2,100,0,0,0,25,25,0,6.07,0
Kenya,Italy,2020,EXPIMP,Animal,4271.15,116.97,12.66,0.05,1.63,-3.58,-24.26,29.21,26.7,19,94.74,5.26,0,0,60,0,0,102.43,14.54,29.21,26.7,19,94.74,5.26,0,0,60,0,0,102.43,14.54
Kenya,Japan,2020,EXPIMP,Animal,210.45,24.93,0.47,0,0.66,-4.83,-25.65,25,25,3,100,0,0,0,25,25,0,24.93,0,25,25,3,100,0,0,0,25,25,0,24.93,0
Kenya,"Korea, Rep.",2020,EXPIMP,Animal,12.71,1528.82,0.06,0.8,0.06,-1.29,-16.9,25,25,2,100,0,0,0,25,25,0,1528.82,0,25,25,2,100,0,0,0,25,25,0,1528.82,0
Kenya,Lebanon,2020,EXPIMP,Animal,0,0.04,,0,,,,60,60,1,100,0,0,0,60,60,0,0.04,0,60,60,1,100,0,0,0,60,60,0,0.04,0
Kenya,Sri Lanka,2020,EXPIMP,Animal,66.33,1.11,2.42,0,0,,,36.67,25.16,3,100,0,0,0,60,25,0,1.11,0,36.67,25.16,3,100,0,0,0,60,25,0,1.11,0
Kenya,Morocco,2020,EXPIMP,Animal,0.27,0.56,0.01,0,0.03,-3.71,-43.06,36.67,25.84,3,100,0,0,0,60,25,0,0.56,0,36.67,25.84,3,100,0,0,0,60,25,0,0.56,0
Kenya,Madagascar,2020,EXPIMP,Animal,0.09,2.74,0,0.02,0,-16.45,-64.22,0,0,1,0,100,0,0,0,0,0,0,2.74,25,25,1,100,0,0,0,25,25,0,2.74,0
Kenya,Malaysia,2020,EXPIMP,Animal,57.38,19.14,0.31,0,0.05,1.4,-22.41,60,60,3,100,0,0,0,60,60,0,19.14,0,60,60,3,100,0,0,0,60,60,0,19.14,0
Kenya,Nigeria,2020,EXPIMP,Animal,6.26,0.04,0.02,0,0,36.81,-85.44,25,25,1,100,0,0,0,25,25,0,0.04,0,25,25,1,100,0,0,0,25,25,0,0.04,0
Kenya,Netherlands,2020,EXPIMP,Animal,3764.02,10900.09,0.82,2.77,0.6,-1.61,19.55,33,56.08,20,90,10,0,0,60,0,0,10261.7,636.69,33,56.08,20,90,10,0,0,60,0,0,10261.7,636.69
Kenya,Norway,2020,EXPIMP,Animal,0.1,383.69,0,1.89,0.01,1.34,-46.38,25,25,14,100,0,0,0,25,25,0,383.14,0,25,25,14,100,0,0,0,25,25,0,383.14,0
Kenya,New Zealand,2020,EXPIMP,Animal,7.25,485.42,0.34,10.72,,,,42.5,54.51,4,100,0,0,0,60,25,0,485.42,0,42.5,54.51,4,100,0,0,0,60,25,0,485.42,0
Kenya,"Other Asia, nes",2020,EXPIMP,Animal,87.59,149.25,0.61,0.11,0.45,0.43,-0.43,,,,,,,,,,,,,,,,,,,,,,,,
Kenya,Oman,2020,EXPIMP,Animal,1951.58,351.34,13.5,0.37,1.19,0.81,-31.59,25,25,5,100,0,0,0,25,25,0,351.34,0,25,25,5,100,0,0,0,25,25,0,351.34,0
Kenya,Pakistan,2020,EXPIMP,Animal,0.75,52.51,0,0.03,0,-17.27,-50.21,25,25,2,100,0,0,0,25,25,0,52.51,0,25,25,2,100,0,0,0,25,25,0,52.51,0
Kenya,Panama,2020,EXPIMP,Animal,0,0.03,,0.22,,,,25,25,1,100,0,0,0,25,25,0,0.03,0,25,25,1,100,0,0,0,25,25,0,0.03,0
Kenya,Poland,2020,EXPIMP,Animal,12.02,74.58,0.05,0.15,0.13,-1.85,4.3,42.5,25.46,4,100,0,0,0,60,25,0,74.58,0,42.5,25.46,4,100,0,0,0,60,25,0,74.58,0
Kenya,Rwanda,2020,EXPIMP,Animal,765.39,320.02,0.32,1.67,0.14,12.29,-0.98,0,0,5,0,100,0,0,0,0,0,0,320.02,60,60,5,100,0,0,0,60,60,0,320.02,0
Kenya,Saudi Arabia,2020,EXPIMP,Animal,9470.71,87.33,12.37,0.01,3.74,-0.45,54.02,46,33.81,5,100,0,0,0,60,25,0,87.33,0,46,33.81,5,100,0,0,0,60,25,0,87.33,0
Kenya,Fm Sudan,2020,EXPIMP,Animal,294.28,0.02,0.38,0,,,,0,0,2,0,100,0,0,0,0,0,0,0.02,25,25,2,100,0,0,0,25,25,0,0.02,0
Kenya,Singapore,2020,EXPIMP,Animal,4.72,16.66,0.08,0.02,0.34,-0.08,-13.93,36.67,31.92,6,100,0,0,0,60,25,0,16.66,0,36.67,31.92,6,100,0,0,0,60,25,0,16.66,0
Kenya,Somalia,2020,EXPIMP,Animal,567.09,49.66,0.53,9.8,,,,25,25,4,100,0,0,0,25,25,0,49.66,0,25,25,4,100,0,0,0,25,25,0,49.66,0
Kenya,South Sudan,2020,EXPIMP,Animal,3427.53,0.2,1.58,0.05,,,,42.5,33.75,2,100,0,0,0,60,25,0,0.2,0,42.5,33.75,2,100,0,0,0,60,25,0,0.2,0
Kenya,Slovenia,2020,EXPIMP,Animal,0,0.12,,0,,,,25,25,1,100,0,0,0,25,25,0,0.12,0,25,25,1,100,0,0,0,25,25,0,0.12,0
Kenya,Sweden,2020,EXPIMP,Animal,2.62,0.04,0.01,0,0.03,-2.4,-18.74,60,60,1,100,0,0,0,60,60,0,0.04,0,60,60,1,100,0,0,0,60,60,0,0.04,0
Kenya,Togo,2020,EXPIMP,Animal,0,0.01,,0.01,,,,25,25,1,100,0,0,0,25,25,0,0.01,0,25,25,1,100,0,0,0,25,25,0,0.01,0
Kenya,Thailand,2020,EXPIMP,Animal,1214.24,14.53,6.2,0.01,0.73,4.13,-53.12,35,43.91,7,100,0,0,0,60,25,0,14.53,0,35,43.91,7,100,0,0,0,60,25,0,14.53,0
Kenya,Tunisia,2020,EXPIMP,Animal,0.31,1.15,0.65,0.02,,,,60,60,1,100,0,0,0,60,60,0,1.15,0,60,60,1,100,0,0,0,60,60,0,1.15,0
Kenya,Turkey,2020,EXPIMP,Animal,82.77,403.45,0.33,0.21,0.68,-15.46,-9.77,25,25,5,100,0,0,0,25,25,0,403.45,0,25,25,5,100,0,0,0,25,25,0,403.45,0
Kenya,Tanzania,2020,EXPIMP,Animal,1162.23,10856.5,0.39,4.2,3.1,-10.6,-21.34,0,0,16,0,100,0,0,0,0,0,0,10856.5,24.17,20.8,16,93.75,6.25,0,0,25,0,0,10856.5,0
Kenya,Uganda,2020,EXPIMP,Animal,4699.01,68950.48,0.7,30.63,3.18,3.02,-7.36,0,0,19,0,100,0,0,0,0,0,0,68939.88,33.95,56.87,19,94.74,5.26,0,0,60,0,0,68772.96,166.92
Kenya,Unspecified,2020,EXPIMP,Animal,37.92,0.42,0.63,0,,,,25,25,1,100,0,0,0,25,25,0,0.42,0,25,25,1,100,0,0,0,25,25,0,0.42,0
Kenya,United States,2020,EXPIMP,Animal,791.91,560.32,0.17,0.11,0.19,-0.69,6.67,33.59,0.49,17,88.24,11.76,0,0,60,0,0,8.08,552.24,33.59,0.49,17,88.24,11.76,0,0,60,0,0,8.08,552.24
Kenya,Vietnam,2020,EXPIMP,Animal,1315.77,97.66,11.26,0.16,0.5,,,25,25,5,100,0,0,0,25,25,0,93.18,0,25,25,5,100,0,0,0,25,25,0,93.18,0
Kenya, World,2020,EXPIMP,Animal,103176.53,123901.9,1.71,0.8,1.14,-0.86,5.03,28.92,12.87,402,77.86,22.14,0,0,60,0,0,40007.63,83873.17,25.86,46.81,336,95.54,4.46,0,0,60,0,0,121151.49,2729.31
Kenya,Yemen,2020,EXPIMP,Animal,0,0.06,,0.09,,,,25,25,1,100,0,0,0,25,25,0,0.06,0,25,25,1,100,0,0,0,25,25,0,0.06,0
Kenya,South Africa,2020,EXPIMP,Animal,1629.86,333.85,4.98,0.08,1.38,-11.53,0.93,28.94,8.56,23,69.57,30.43,0,0,60,0,0,219.68,114.17,28.94,8.56,23,69.57,30.43,0,0,60,0,0,219.68,114.17
Kenya,"Congo, Dem. Rep.",2020,EXPIMP,Animal,1730.37,0.02,1.29,0,0.43,-4.85,96.88,0,0,1,0,100,0,0,0,0,0,0,0.02,25,25,1,100,0,0,0,25,25,0,0.02,0
Kenya,Zambia,2020,EXPIMP,Animal,2.18,447.52,0.01,1.32,0,-10.77,-13.18,0,0,3,0,100,0,0,0,0,0,0,447.52,8.33,24.15,3,33.33,66.67,0,0,25,0,0,432.31,15.21
Kenya,East Asia & Pacific,2020,EXPIMP,Animal,9173.89,17394.51,2.94,0.3,,,,32.58,25.89,60,100,0,0,0,60,25,0,17386.46,0,30.83,25.89,42,100,0,0,0,60,25,0,17386.46,0
Kenya,Europe & Central Asia,2020,EXPIMP,Animal,15939.85,22836.06,0.99,0.79,,,,35.66,48.42,167,89.82,10.18,0,0,60,0,0,21154.37,1679.24,30.99,48.42,74,94.59,5.41,0,0,60,0,0,21154.37,1679.24
Kenya,Latin America & Caribbean,2020,EXPIMP,Animal,5.78,48.43,0.04,0.02,,,,25,25,3,100,0,0,0,25,25,0,48.43,0,25,25,3,100,0,0,0,25,25,0,48.43,0
Kenya,Middle East & North Africa,2020,EXPIMP,Animal,58991.16,1425.18,7.87,0.06,,,,30,14.29,50,78,22,0,0,60,0,0,665.9,759.29,35.86,33.96,29,100,0,0,0,60,25,0,1425.18,0
Kenya,North America,2020,EXPIMP,Animal,954.81,698.61,0.2,0.11,,,,31.62,0.39,18,83.33,16.67,0,0,60,0,0,8.08,690.54,33.59,0.39,17,88.24,11.76,0,0,60,0,0,8.08,690.54
Kenya,South Asia,2020,EXPIMP,Animal,258.56,383.98,0.04,0.02,,,,30.33,21.78,15,93.33,6.67,0,0,60,0,0,320.75,63.24,30.71,21.78,14,92.86,7.14,0,0,60,0,0,320.75,63.24
Kenya,Sub-Saharan Africa,2020,EXPIMP,Animal,17298.87,80965.45,0.83,6.42,,,,11.15,0.05,86,33.72,66.28,0,0,60,0,0,273.99,80680.87,30.02,51.64,53,84.91,15.09,0,0,60,0,0,80658.56,296.3
Kenya,United Arab Emirates,2021,EXPIMP,Animal,39799.19,426.3,12.63,0.03,11.16,3.83,1.76,46,25.78,15,100,0,0,0,60,25,0,426.3,0,46,25.78,15,100,0,0,0,60,25,0,426.3,0
Kenya,Australia,2021,EXPIMP,Animal,298.57,12.17,1.27,0.01,0.41,4.13,-11.24,39,25.17,5,100,0,0,0,60,25,0,12.17,0,39,25.17,5,100,0,0,0,60,25,0,12.17,0
Kenya,Austria,2021,EXPIMP,Animal,1.83,121.94,0.95,0.57,0.11,3.21,5.88,44.17,57.58,6,83.33,16.67,0,0,60,0,0,117.03,4.92,44.17,57.58,6,83.33,16.67,0,0,60,0,0,117.03,4.92
Kenya,Burundi,2021,EXPIMP,Animal,257.76,0.01,0.38,0,0.8,-4.44,31.23,0,0,3,0,100,0,0,0,0,0,0,0.01,60,60,3,100,0,0,0,60,60,0,0.01,0
Kenya,Belgium,2021,EXPIMP,Animal,2193.73,3691.93,3.04,1.68,0.02,4.31,-73.06,33.89,57.25,18,88.89,11.11,0,0,60,0,0,3667.43,24.5,33.89,57.25,18,88.89,11.11,0,0,60,0,0,3667.43,24.5
Kenya,Bulgaria,2021,EXPIMP,Animal,0,0.26,,0.01,,,,25,25,1,100,0,0,0,25,25,0,0.26,0,25,25,1,100,0,0,0,25,25,0,0.26,0
Kenya,Canada,2021,EXPIMP,Animal,292.84,135,1.46,0.17,0.63,10.6,45.23,18.75,0.09,4,75,25,0,0,25,0,0,0.49,134.51,18.75,0.09,4,75,25,0,0,25,0,0,0.49,134.51
Kenya,Switzerland,2021,EXPIMP,Animal,1.79,22.92,0,0.03,0.02,4.81,-34.75,34,21.09,5,80,20,0,0,60,0,0,14.34,8.58,34,21.09,5,80,20,0,0,60,0,0,14.34,8.58
Kenya,China,2021,EXPIMP,Animal,493.67,18449.55,0.25,0.46,1.16,5.07,19.62,32.61,25.01,23,100,0,0,0,60,25,0,18449.55,0,32.61,25.01,23,100,0,0,0,60,25,0,18449.55,0
Kenya,Costa Rica,2021,EXPIMP,Animal,0.1,11,0.47,1.94,1.24,9.45,7.44,25,25,1,100,0,0,0,25,25,0,11,0,25,25,1,100,0,0,0,25,25,0,11,0
Kenya,Cuba,2021,EXPIMP,Animal,0,6.4,,65.91,,,,25,25,1,100,0,0,0,25,25,0,6.4,0,25,25,1,100,0,0,0,25,25,0,6.4,0
Kenya,Czech Republic,2021,EXPIMP,Animal,11.69,28.5,2.44,0.09,0.49,5.97,66.78,0,0,1,0,100,0,0,0,0,0,0,28.5,0,0,1,0,100,0,0,0,0,0,0,28.5
Kenya,Germany,2021,EXPIMP,Animal,141.26,1776.89,0.11,0.45,0.27,2.44,22.81,49.17,40.74,12,91.67,8.33,0,0,60,0,0,1745.62,31.27,49.17,40.74,12,91.67,8.33,0,0,60,0,0,1745.62,31.27
Kenya,Denmark,2021,EXPIMP,Animal,17.72,464.34,0.13,1.3,0.06,8.12,25.37,40.9,34.76,15,73.33,26.67,0,0,60,0,0,347.78,116.56,40.9,34.76,15,73.33,26.67,0,0,60,0,0,347.78,116.56
Kenya,Ecuador,2021,EXPIMP,Animal,0,25.81,,8.75,,,,25,25,1,100,0,0,0,25,25,0,25.81,0,25,25,1,100,0,0,0,25,25,0,25.81,0
Kenya,"Egypt, Arab Rep.",2021,EXPIMP,Animal,402.66,640.7,0.21,0.14,0.05,,,0,0,10,0,100,0,0,0,0,0,0,640.7,39,32,10,100,0,0,0,60,25,0,640.7,0
Kenya,Spain,2021,EXPIMP,Animal,2894.43,2217.2,5.07,1.72,1.69,8.53,136.89,33.89,23.6,9,88.89,11.11,0,0,60,0,0,2090.16,127.04,33.89,23.6,9,88.89,11.11,0,0,60,0,0,2090.16,127.04
Kenya,Estonia,2021,EXPIMP,Animal,0,3.51,,0.26,0.73,,,60,60,1,100,0,0,0,60,60,0,3.51,0,60,60,1,100,0,0,0,60,60,0,3.51,0
Kenya,Ethiopia(excludes Eritrea),2021,EXPIMP,Animal,3367.2,0.41,3.17,0.01,33.7,-3.44,61.87,3.67,2.51,3,100,0,0,0,6,2.5,0,0.41,0,36.67,25.09,3,100,0,0,0,60,25,0,0.41,0
Kenya,Finland,2021,EXPIMP,Animal,0.06,484.25,0,0.78,,,,25,25,1,100,0,0,0,25,25,0,484.25,0,25,25,1,100,0,0,0,25,25,0,484.25,0
Kenya,France,2021,EXPIMP,Animal,1116.49,977.39,1.23,0.48,0.27,9.61,2.82,31,11.82,15,86.67,13.33,0,0,60,0,0,230.46,746.88,31,11.82,15,86.67,13.33,0,0,60,0,0,230.46,746.88
Kenya,United Kingdom,2021,EXPIMP,Animal,1783.53,1150.99,0.4,0.38,0.22,0.68,2.27,36.94,2.73,18,88.89,11.11,0,0,60,0,0,83.9,1067.1,36.94,2.73,18,88.89,11.11,0,0,60,0,0,83.9,1067.1
Kenya,Ghana,2021,EXPIMP,Animal,30.16,0.94,0.29,0.02,,,,60,60,1,100,0,0,0,60,60,0,0.94,0,60,60,1,100,0,0,0,60,60,0,0.94,0
Kenya,Greece,2021,EXPIMP,Animal,1219.36,1.12,29.6,0.02,2.95,53.47,72.93,60,60,1,100,0,0,0,60,60,0,1.12,0,60,60,1,100,0,0,0,60,60,0,1.12,0
Kenya,"Hong Kong, China",2021,EXPIMP,Animal,5159.2,3.4,30.7,0,21.41,0.08,-5.09,25,25,1,100,0,0,0,25,25,0,3.4,0,25,25,1,100,0,0,0,25,25,0,3.4,0
Kenya,Croatia,2021,EXPIMP,Animal,0.5,0.24,0.17,0.03,,,,60,60,1,100,0,0,0,60,60,0,0.24,0,60,60,1,100,0,0,0,60,60,0,0.24,0
Kenya,Hungary,2021,EXPIMP,Animal,1.56,47.22,0.32,0.41,1.93,1.97,12.98,0,0,1,0,100,0,0,0,0,0,0,47.22,0,0,1,0,100,0,0,0,0,0,0,47.22
Kenya,India,2021,EXPIMP,Animal,66.01,1161.87,0.07,0.06,6.3,3.24,50.89,30,24.83,9,88.89,11.11,0,0,60,0,0,1111.49,50.38,30,24.83,9,88.89,11.11,0,0,60,0,0,1111.49,50.38
Kenya,Ireland,2021,EXPIMP,Animal,0.29,2586.12,0,6.25,0,,,31.5,56.04,6,66.67,33.33,0,0,60,0,0,2491.85,94.27,31.5,56.04,6,66.67,33.33,0,0,60,0,0,2491.85,94.27
Kenya,"Iran, Islamic Rep.",2021,EXPIMP,Animal,0.54,20.83,0,0.06,,,,25,25,3,100,0,0,0,25,25,0,20.83,0,25,25,3,100,0,0,0,25,25,0,20.83,0
Kenya,Israel,2021,EXPIMP,Animal,1787.78,165.35,22.06,0.35,7.04,14.45,0.09,25,25,2,100,0,0,0,25,25,0,165.35,0,25,25,2,100,0,0,0,25,25,0,165.35,0
Kenya,Italy,2021,EXPIMP,Animal,6285.83,238.41,21.14,0.11,1.8,7.38,31.63,34.33,33.05,15,100,0,0,0,60,25,0,238.41,0,34.33,33.05,15,100,0,0,0,60,25,0,238.41,0
Kenya,Japan,2021,EXPIMP,Animal,57.4,87.08,0.09,0.01,0.28,3.7,-35.17,25,25,2,100,0,0,0,25,25,0,87.08,0,25,25,2,100,0,0,0,25,25,0,87.08,0
Kenya,"Korea, Rep.",2021,EXPIMP,Animal,11.04,107.03,0.03,0.02,0.08,7.92,19.88,25,25,3,100,0,0,0,25,25,0,107.03,0,25,25,3,100,0,0,0,25,25,0,107.03,0
Kenya,Sri Lanka,2021,EXPIMP,Animal,0.2,1.82,0.01,0,0.01,-2.18,316.11,25,25,1,100,0,0,0,25,25,0,1.82,0,25,25,1,100,0,0,0,25,25,0,1.82,0
Kenya,Madagascar,2021,EXPIMP,Animal,0.48,4.32,0.02,0.03,0,17.39,17.01,0,0,1,0,100,0,0,0,0,0,0,4.32,25,25,1,100,0,0,0,25,25,0,4.32,0
Kenya,Mali,2021,EXPIMP,Animal,0.47,0.3,0.02,0.16,,,,25,25,1,100,0,0,0,25,25,0,0.3,0,25,25,1,100,0,0,0,25,25,0,0.3,0
Kenya,Mauritius,2021,EXPIMP,Animal,0,13.77,,0.02,,,,0,0,3,0,100,0,0,0,0,0,0,13.77,36.67,25.31,3,100,0,0,0,60,25,0,13.77,0
Kenya,Malaysia,2021,EXPIMP,Animal,150.49,31.54,0.9,0,0.47,7.01,65.64,51.25,51.43,4,100,0,0,0,60,25,0,31.54,0,51.25,51.43,4,100,0,0,0,60,25,0,31.54,0
Kenya,Namibia,2021,EXPIMP,Animal,0.4,33.65,0.04,0.76,0.04,24.07,-27.35,25,25,1,100,0,0,0,25,25,0,33.65,0,25,25,1,100,0,0,0,25,25,0,33.65,0
Kenya,Nigeria,2021,EXPIMP,Animal,10.74,0.24,0.03,0.01,0,-21.08,65.85,25,25,3,100,0,0,0,25,25,0,0.24,0,25,25,3,100,0,0,0,25,25,0,0.24,0
Kenya,Netherlands,2021,EXPIMP,Animal,2677.91,5085.65,0.48,1.19,0.55,6.53,-1.77,32.14,52.62,14,78.57,21.43,0,0,60,0,0,4817.21,268.44,32.14,52.62,14,78.57,21.43,0,0,60,0,0,4817.21,268.44
Kenya,Norway,2021,EXPIMP,Animal,1.05,895.18,0,3.38,0.04,9.35,206.86,26.46,25,24,100,0,0,0,60,25,0,894.73,0,26.46,25,24,100,0,0,0,60,25,0,894.73,0
Kenya,New Zealand,2021,EXPIMP,Animal,512.64,7.85,18.2,0.21,11.24,,,30,0.15,2,50,50,0,0,60,0,0,0.02,7.84,30,0.15,2,50,50,0,0,60,0,0,0.02,7.84
Kenya,Oman,2021,EXPIMP,Animal,4826.74,287.68,25,0.14,1.42,5.67,5.79,33.75,25.41,4,100,0,0,0,60,25,0,287.68,0,33.75,25.41,4,100,0,0,0,60,25,0,287.68,0
Kenya,Pakistan,2021,EXPIMP,Animal,3.67,36.11,0,0.02,0.01,7.36,252.94,42.5,26.04,2,100,0,0,0,60,25,0,36.11,0,42.5,26.04,2,100,0,0,0,60,25,0,36.11,0
Kenya,Poland,2021,EXPIMP,Animal,20.08,47.54,0.09,0.09,0.33,5.39,49.07,42.5,25.63,2,100,0,0,0,60,25,0,47.54,0,42.5,25.63,2,100,0,0,0,60,25,0,47.54,0
Kenya,Qatar,2021,EXPIMP,Animal,4335.95,0.01,15.33,0,6,0.66,32.4,25,25,1,100,0,0,0,25,25,0,0.01,0,25,25,1,100,0,0,0,25,25,0,0.01,0
Kenya,Romania,2021,EXPIMP,Animal,386.88,0.08,8.13,0,15.75,7.55,"3,747.29",60,60,1,100,0,0,0,60,60,0,0.08,0,60,60,1,100,0,0,0,60,60,0,0.08,0
Kenya,Rwanda,2021,EXPIMP,Animal,1922.65,354.84,0.69,1.19,0.13,11.92,-9.89,0,0,2,0,100,0,0,0,0,0,0,354.84,42.5,57.86,2,100,0,0,0,60,25,0,354.84,0
Kenya,Saudi Arabia,2021,EXPIMP,Animal,6684.8,41.4,9.52,0,3.75,0.24,-12.29,40,50.49,7,100,0,0,0,60,25,0,41.4,0,40,50.49,7,100,0,0,0,60,25,0,41.4,0
Kenya,Singapore,2021,EXPIMP,Animal,18.05,25.24,0.3,0.03,0.13,5.61,-31.08,32,33.39,5,100,0,0,0,60,25,0,25.24,0,32,33.39,5,100,0,0,0,60,25,0,25.24,0
Kenya,Sierra Leone,2021,EXPIMP,Animal,0.8,0.01,0.03,0.01,,,,60,60,1,100,0,0,0,60,60,0,0.01,0,60,60,1,100,0,0,0,60,60,0,0.01,0
Kenya,Somalia,2021,EXPIMP,Animal,688.85,65.47,0.56,7.31,,,,25,25,2,100,0,0,0,25,25,0,46.57,0,25,25,2,100,0,0,0,25,25,0,46.57,0
Kenya,Slovak Republic,2021,EXPIMP,Animal,0,0.01,,0,0.04,,,12.5,12.5,2,50,50,0,0,25,0,0,0.01,0,12.5,12.5,2,50,50,0,0,25,0,0,0.01,0
Kenya,Eswatini,2021,EXPIMP,Animal,0,4.8,,0,,,,25,25,1,100,0,0,0,25,25,0,4.8,0,25,25,1,100,0,0,0,25,25,0,4.8,0
Kenya,Thailand,2021,EXPIMP,Animal,333.81,10.55,1.58,0.01,0.4,3.78,-28.8,25,25,3,100,0,0,0,25,25,0,10.55,0,25,25,3,100,0,0,0,25,25,0,10.55,0
Kenya,Turkey,2021,EXPIMP,Animal,161.89,1004.66,0.94,0.45,1.49,-4.43,14.36,16.67,23.03,3,66.67,33.33,0,0,25,0,0,925.6,79.05,16.67,23.03,3,66.67,33.33,0,0,25,0,0,925.6,79.05
Kenya,Tanzania,2021,EXPIMP,Animal,4159.01,11494.9,1.01,2.35,3.87,19.62,52.4,0,0,21,0,100,0,0,0,0,0,0,11493.56,23.38,23.26,21,85.71,14.29,0,0,25,0,0,11493.56,0
Kenya,Uganda,2021,EXPIMP,Animal,3590.86,71824.25,0.43,23.54,,,,0,0,15,0,100,0,0,0,0,0,0,71824.25,37.33,58.21,15,93.33,6.67,0,0,60,0,0,71794.46,29.79
Kenya,Unspecified,2021,EXPIMP,Animal,59.26,0.92,0.39,0.01,,,,25,25,2,100,0,0,0,25,25,0,0.92,0,25,25,2,100,0,0,0,25,25,0,0.92,0
Kenya,United States,2021,EXPIMP,Animal,1305.86,527.53,0.24,0.07,0.3,13.46,42.19,33.19,3.78,19,84.21,15.79,0,0,60,0,0,46.19,481.34,33.19,3.78,19,84.21,15.79,0,0,60,0,0,46.19,481.34
Kenya,Vietnam,2021,EXPIMP,Animal,1084.92,234.61,5.17,0.26,,,,25,25,5,100,0,0,0,25,25,0,234.61,0,25,25,5,100,0,0,0,25,25,0,234.61,0
Kenya, World,2021,EXPIMP,Animal,125337.77,128098.13,1.86,0.65,1.33,6.46,3.33,28.16,10.88,391,75.7,24.3,0,0,60,0,0,39726.14,88351.22,25.86,45.95,336,95.54,4.46,0,0,60,0,0,124097.75,3979.62
Kenya,Yemen,2021,EXPIMP,Animal,0,0.05,,0.07,,,,25,25,1,100,0,0,0,25,25,0,0.05,0,25,25,1,100,0,0,0,25,25,0,0.05,0
Kenya,South Africa,2021,EXPIMP,Animal,568.35,460.4,1.58,0.11,0.96,12.62,7.96,23.65,9.99,20,70,30,0,0,60,0,0,294.68,165.72,23.65,9.99,20,70,30,0,0,60,0,0,294.68,165.72
Kenya,"Congo, Dem. Rep.",2021,EXPIMP,Animal,4734.53,0.02,2.12,0,0.94,-0.67,63.37,,,,,,,,,,,,,,,,,,,,,,,,
Kenya,Zambia,2021,EXPIMP,Animal,24.61,535.67,0.03,0.96,0.01,11.97,179.06,0,0,4,0,100,0,0,0,0,0,0,535.67,6.25,3.26,4,25,75,0,0,25,0,0,69.96,465.72
Kenya,Zimbabwe,2021,EXPIMP,Animal,215.29,0,0.79,0,0.01,62.77,266.42,0,0,1,0,100,0,0,0,0,0,0,0,60,60,1,100,0,0,0,60,60,0,0,0
Kenya,East Asia & Pacific,2021,EXPIMP,Animal,8167.92,18969.02,1.94,0.26,,,,32.45,25.05,53,98.11,1.89,0,0,60,0,0,18961.19,7.84,30,25.05,37,97.3,2.7,0,0,60,0,0,18961.19,7.84
Kenya,Europe & Central Asia,2021,EXPIMP,Animal,20945.61,20846.34,1.19,0.64,,,,34.47,40.97,172,86.63,13.37,0,0,60,0,0,18201.52,2644.32,30.7,40.97,76,90.79,9.21,0,0,60,0,0,18201.52,2644.32
Kenya,Latin America & Caribbean,2021,EXPIMP,Animal,21.87,43.21,0.13,0.02,,,,25,25,3,100,0,0,0,25,25,0,43.21,0,25,25,3,100,0,0,0,25,25,0,43.21,0
Kenya,Middle East & North Africa,2021,EXPIMP,Animal,69967.71,1582.32,9.14,0.04,,,,29.77,15.83,43,76.74,23.26,0,0,60,0,0,941.62,640.7,37.96,28.79,27,100,0,0,0,60,25,0,1582.32,0
Kenya,North America,2021,EXPIMP,Animal,1600.02,662.53,0.28,0.08,,,,30.57,3.03,23,82.61,17.39,0,0,60,0,0,46.68,615.85,32.76,3.03,20,85,15,0,0,60,0,0,46.68,615.85
Kenya,South Asia,2021,EXPIMP,Animal,72.56,1199.79,0.01,0.05,,,,31.67,24.87,12,91.67,8.33,0,0,60,0,0,1149.41,50.38,29.09,24.87,11,90.91,9.09,0,0,60,0,0,1149.41,50.38
Kenya,Sub-Saharan Africa,2021,EXPIMP,Animal,23871.14,84793.99,0.95,5.35,,,,9.33,0.08,83,32.53,67.47,0,0,60,0,0,381.59,84392.14,27.15,52.82,52,84.62,15.38,0,0,60,0,0,84112.5,661.24
Kenya,United Arab Emirates,2017,EXPIMP,Animal,23021.16,205.43,9.02,0.02,5.43,5.98,26,,,,,,,,,,,,,,,,,,,,,,,,
Kenya,Argentina,2017,EXPIMP,Animal,0,96.5,,0.1,,,,,,,,,,,,,,,,,,,,,,,,,,,
Kenya,Australia,2017,EXPIMP,Animal,557.17,95.72,2.52,0.2,1.93,7.41,57.3,,,,,,,,,,,,,,,,,,,,,,,,
Kenya,Austria,2017,EXPIMP,Animal,1.14,8.27,0.12,0.04,0.16,3.82,-16.88,,,,,,,,,,,,,,,,,,,,,,,,
Kenya,Belgium,2017,EXPIMP,Animal,458.98,3043.33,0.79,2.05,,,,,,,,,,,,,,,,,,,,,,,,,,,
Kenya,Bangladesh,2017,EXPIMP,Animal,0,0.03,,0,,,,,,,,,,,,,,,,,,,,,,,,,,,
Kenya,Brazil,2017,EXPIMP,Animal,126.83,29.14,4.76,0.01,1.15,3.86,-25.58,,,,,,,,,,,,,,,,,,,,,,,,
Kenya,Canada,2017,EXPIMP,Animal,160.8,210.61,0.46,0.22,0.51,0.74,25.95,,,,,,,,,,,,,,,,,,,,,,,,
Kenya,China,2017,EXPIMP,Animal,1134.56,21388.22,1.17,0.57,1.26,2.53,5.06,,,,,,,,,,,,,,,,,,,,,,,,
Kenya,Cameroon,2017,EXPIMP,Animal,0.2,0.1,0.02,0.03,,,,,,,,,,,,,,,,,,,,,,,,,,,
Kenya,Czech Republic,2017,EXPIMP,Animal,5.02,11.13,0.63,0.03,0.39,5.43,-22.52,,,,,,,,,,,,,,,,,,,,,,,,
Kenya,Germany,2017,EXPIMP,Animal,105.29,2719.68,0.09,0.65,0.12,1.48,-22.25,,,,,,,,,,,,,,,,,,,,,,,,
Kenya,Denmark,2017,EXPIMP,Animal,27.07,133.35,0.38,0.37,0.74,3.72,5.46,,,,,,,,,,,,,,,,,,,,,,,,
Kenya,"Egypt, Arab Rep.",2017,EXPIMP,Animal,158.58,373.49,0.09,0.11,0.02,-3.84,-39.56,,,,,,,,,,,,,,,,,,,,,,,,
Kenya,Spain,2017,EXPIMP,Animal,110.79,142.29,0.39,0.14,0.17,2.38,-43.81,,,,,,,,,,,,,,,,,,,,,,,,
Kenya,France,2017,EXPIMP,Animal,1612.49,464.08,2.07,0.18,0.63,4.9,-4.68,,,,,,,,,,,,,,,,,,,,,,,,
Kenya,United Kingdom,2017,EXPIMP,Animal,595.3,281.56,0.16,0.1,0.13,1.96,-4.41,,,,,,,,,,,,,,,,,,,,,,,,
Kenya,Greece,2017,EXPIMP,Animal,270.99,4.91,5.2,0.05,0.81,5.9,-35.38,,,,,,,,,,,,,,,,,,,,,,,,
Kenya,"Hong Kong, China",2017,EXPIMP,Animal,4627.19,0.72,7.46,0,17.09,-0.28,-20.14,,,,,,,,,,,,,,,,,,,,,,,,
Kenya,India,2017,EXPIMP,Animal,60.9,153.07,0.11,0.01,1.55,5.97,-55.68,,,,,,,,,,,,,,,,,,,,,,,,
Kenya,Ireland,2017,EXPIMP,Animal,0.28,2505.9,0,7.96,,,,,,,,,,,,,,,,,,,,,,,,,,,
Kenya,"Iran, Islamic Rep.",2017,EXPIMP,Animal,0.89,1.79,0.01,0,,,,,,,,,,,,,,,,,,,,,,,,,,,
Kenya,Iceland,2017,EXPIMP,Animal,8.79,0,16.44,0,,,,,,,,,,,,,,,,,,,,,,,,,,,
Kenya,Israel,2017,EXPIMP,Animal,2543.04,1.87,35.17,0,31.86,3.08,-4.39,,,,,,,,,,,,,,,,,,,,,,,,
Kenya,Italy,2017,EXPIMP,Animal,4047.73,50.24,12.28,0.02,1.04,2.6,-28.49,,,,,,,,,,,,,,,,,,,,,,,,
Kenya,Jordan,2017,EXPIMP,Animal,0,3.71,,0.01,,,,,,,,,,,,,,,,,,,,,,,,,,,
Kenya,Japan,2017,EXPIMP,Animal,351.05,0.91,0.81,0,0.74,3.65,21.42,,,,,,,,,,,,,,,,,,,,,,,,
Kenya,"Korea, Rep.",2017,EXPIMP,Animal,171.91,1.47,0.76,0,0.01,2.42,-26.48,,,,,,,,,,,,,,,,,,,,,,,,
Kenya,Liberia,2017,EXPIMP,Animal,0,0.75,,1.87,,,,,,,,,,,,,,,,,,,,,,,,,,,
Kenya,Mauritius,2017,EXPIMP,Animal,249.88,69.04,2.32,0.1,0.04,7.92,33.24,,,,,,,,,,,,,,,,,,,,,,,,
Kenya,Malaysia,2017,EXPIMP,Animal,4.34,376.07,0.05,0.22,0.16,4.85,71.44,,,,,,,,,,,,,,,,,,,,,,,,
Kenya,Netherlands,2017,EXPIMP,Animal,3834.22,8276.49,0.9,4.38,0.48,5.5,19.47,,,,,,,,,,,,,,,,,,,,,,,,
Kenya,Norway,2017,EXPIMP,Animal,0.4,477.46,0,1.41,0,0.96,-35.84,,,,,,,,,,,,,,,,,,,,,,,,
Kenya,Nauru,2017,EXPIMP,Animal,0,0.92,,100,,,,,,,,,,,,,,,,,,,,,,,,,,,
Kenya,New Zealand,2017,EXPIMP,Animal,0,4587.5,,44.29,,,,,,,,,,,,,,,,,,,,,,,,,,,
Kenya,Oman,2017,EXPIMP,Animal,5063.05,19.73,35.15,0.04,6.04,1.32,29.68,,,,,,,,,,,,,,,,,,,,,,,,
Kenya,Poland,2017,EXPIMP,Animal,16.59,13.99,0.08,0.02,0.09,5.12,14.65,,,,,,,,,,,,,,,,,,,,,,,,
Kenya,Portugal,2017,EXPIMP,Animal,2871.75,9.56,61.97,0.06,10.16,3.25,9.63,,,,,,,,,,,,,,,,,,,,,,,,
Kenya,Qatar,2017,EXPIMP,Animal,234.89,0.02,0.65,0,1,2.46,149.68,,,,,,,,,,,,,,,,,,,,,,,,
Kenya,Rwanda,2017,EXPIMP,Animal,568.93,1089.41,0.34,6.69,0.25,10.37,-0.65,,,,,,,,,,,,,,,,,,,,,,,,
Kenya,Saudi Arabia,2017,EXPIMP,Animal,2705.97,261.31,3.57,0.02,1.07,-3.49,-27.07,,,,,,,,,,,,,,,,,,,,,,,,
Kenya,Singapore,2017,EXPIMP,Animal,55.22,40.41,1.52,0.07,4.35,3.54,-34.81,,,,,,,,,,,,,,,,,,,,,,,,
Kenya,Thailand,2017,EXPIMP,Animal,128.46,3.65,0.27,0,2.15,7.31,-13.87,,,,,,,,,,,,,,,,,,,,,,,,
Kenya,Tajikistan,2017,EXPIMP,Animal,0,0.03,,1.17,,,,,,,,,,,,,,,,,,,,,,,,,,,
Kenya,Turkey,2017,EXPIMP,Animal,96.33,5.17,0.41,0,1.76,30.06,15.24,,,,,,,,,,,,,,,,,,,,,,,,
Kenya,Tanzania,2017,EXPIMP,Animal,6537.16,5242.02,2.37,3.15,7.2,-8.45,-16.27,,,,,,,,,,,,,,,,,,,,,,,,
Kenya,Uganda,2017,EXPIMP,Animal,3031.71,82373.87,0.51,20.26,3.75,24.09,5.81,,,,,,,,,,,,,,,,,,,,,,,,
Kenya,Ukraine,2017,EXPIMP,Animal,2.39,14.21,0.04,0.02,0.06,8.03,-1.79,,,,,,,,,,,,,,,,,,,,,,,,
Kenya,Uruguay,2017,EXPIMP,Animal,0,3355.68,,23.15,,,,,,,,,,,,,,,,,,,,,,,,,,,
Kenya,United States,2017,EXPIMP,Animal,403.62,161.75,0.09,0.03,0.13,2.77,11.65,,,,,,,,,,,,,,,,,,,,,,,,
Kenya,Vietnam,2017,EXPIMP,Animal,6735.13,150.79,46.79,0.38,,,,,,,,,,,,,,,,,,,,,,,,,,,
Kenya, World,2017,EXPIMP,Animal,83645.45,141731.47,1.46,0.85,0.94,3.88,-2.55,,,,,,,,,,,,,,,,,,,,,,,,
Kenya,Yemen,2017,EXPIMP,Animal,0,2.34,,2.26,,,,,,,,,,,,,,,,,,,,,,,,,,,
Kenya,South Africa,2017,EXPIMP,Animal,1385.43,558.65,5.19,0.09,2.35,16.09,30.21,,,,,,,,,,,,,,,,,,,,,,,,
Kenya,Zambia,2017,EXPIMP,Animal,17.16,2464.77,0.05,3.29,0.04,12.24,200.44,,,,,,,,,,,,,,,,,,,,,,,,
Kenya,Zimbabwe,2017,EXPIMP,Animal,173.27,248.4,1.19,0.87,0.01,-15.22,9.04,,,,,,,,,,,,,,,,,,,,,,,,
Kenya,East Asia & Pacific,2017,EXPIMP,Animal,13767.35,26645.45,3.88,0.45,,,,,,,,,,,,,,,,,,,,,,,,,,,
Kenya,Europe & Central Asia,2017,EXPIMP,Animal,14215.52,18161.64,1,0.66,,,,,,,,,,,,,,,,,,,,,,,,,,,
Kenya,Latin America & Caribbean,2017,EXPIMP,Animal,127.72,3481.31,0.35,0.59,,,,,,,,,,,,,,,,,,,,,,,,,,,
Kenya,Middle East & North Africa,2017,EXPIMP,Animal,33997.42,869.68,4.9,0.03,,,,,,,,,,,,,,,,,,,,,,,,,,,
Kenya,North America,2017,EXPIMP,Animal,564.42,372.36,0.11,0.06,,,,,,,,,,,,,,,,,,,,,,,,,,,
Kenya,South Asia,2017,EXPIMP,Animal,308.97,153.09,0.04,0.01,,,,,,,,,,,,,,,,,,,,,,,,,,,
Kenya,Sub-Saharan Africa,2017,EXPIMP,Animal,19957.55,92047.01,1.05,5.89,,,,,,,,,,,,,,,,,,,,,,,,,,,
